NDC,Cellular Operator,Telecom Circles,,,,,,,,,,,,,,,,,,,,,,,,,,,,,,
7000,J,MP,,,,,,,,,,,,,,,,,,,,,,,,,,,,,,
7001,J,WB,,,,,,,,,,,,,,,,,,,,,,,,,,,,,,
7002,J,AS,,,,,,,,,,,,,,,,,,,,,,,,,,,,,,
7003,J,KO,,,,,,,,,,,,,,,,,,,,,,,,,,,,,,
7004,J,BR,,,,,,,,,,,,,,,,,,,,,,,,,,,,,,
7005,J,NE,,,,,,,,,,,,,,,,,,,,,,,,,,,,,,
7006,J,JK,,,,,,,,,,,,,,,,,,,,,,,,,,,,,,
7007,J,UE,,,,,,,,,,,,,,,,,,,,,,,,,,,,,,
7008,J,OR,,,,,,,,,,,,,,,,,,,,,,,,,,,,,,
7009,J,PB,,,,,,,,,,,,,,,,,,,,,,,,,,,,,,
7010,J,TN,,,,,,,,,,,,,,,,,,,,,,,,,,,,,,
7011,J,DL,,,,,,,,,,,,,,,,,,,,,,,,,,,,,,
7012,J,KL,,,,,,,,,,,,,,,,,,,,,,,,,,,,,,
7013,J,AP,,,,,,,,,,,,,,,,,,,,,,,,,,,,,,
7014,J,RJ,,,,,,,,,,,,,,,,,,,,,,,,,,,,,,
7015,J,HR,,,,,,,,,,,,,,,,,,,,,,,,,,,,,,
7016,J,GJ,,,,,,,,,,,,,,,,,,,,,,,,,,,,,,
7017,J,UW,,,,,,,,,,,,,,,,,,,,,,,,,,,,,,
7018,J,HP,,,,,,,,,,,,,,,,,,,,,,,,,,,,,,
7019,J,KN,,,,,,,,,,,,,,,,,,,,,,,,,,,,,,
7020,J,MH,,,,,,,,,,,,,,,,,,,,,,,,,,,,,,
7021,J,MU,,,,,,,,,,,,,,,,,,,,,,,,,,,,,,
7022,A,KN,,,,,,,,,,,,,,,,,,,,,,,,,,,,,,
7023,A,RJ,,,,,,,,,,,,,,,,,,,,,,,,,,,,,,
7024,A,MP,,,,,,,,,,,,,,,,,,,,,,,,,,,,,,
7025,I,KL,,,,,,,,,,,,,,,,,,,,,,,,,,,,,,
7026,I,KN,,,,,,,,,,,,,,,,,,,,,,,,,,,,,,
7027,V,HR,,,,,,,,,,,,,,,,,,,,,,,,,,,,,,
7028,A,MH,,,,,,,,,,,,,,,,,,,,,,,,,,,,,,
7029,R,WB,,,,,,,,,,,,,,,,,,,,,,,,,,,,,,
7030,V,MH,,,,,,,,,,,,,,,,,,,,,,,,,,,,,,
7031,C,WB,,,,,,,,,,,,,,,,,,,,,,,,,,,,,,
7032,A,AP,,,,,,,,,,,,,,,,,,,,,,,,,,,,,,
7033,A,BR,,,,,,,,,,,,,,,,,,,,,,,,,,,,,,
7034,V,KL,,,,,,,,,,,,,,,,,,,,,,,,,,,,,,
7035,C,AS,,,,,,,,,,,,,,,,,,,,,,,,,,,,,,
7036,I,AP,,,,,,,,,,,,,,,,,,,,,,,,,,,,,,
7037,U,UW,,,,,,,,,,,,,,,,,,,,,,,,,,,,,,
7038,I,MH,,,,,,,,,,,,,,,,,,,,,,,,,,,,,,
7039,I,MU,,,,,,,,,,,,,,,,,,,,,,,,,,,,,,
7040,C,MH,,,,,,,,,,,,,,,,,,,,,,,,,,,,,,
7041,U,GJ,,,,,,,,,,,,,,,,,,,,,,,,,,,,,,
7042,A,DL,,,,,,,,,,,,,,,,,,,,,,,,,,,,,,
7043,A,GJ,,,,,,,,,,,,,,,,,,,,,,,,,,,,,,
7044,A,KO,,,,,,,,,,,,,,,,,,,,,,,,,,,,,,
7045,V,MU,,,,,,,,,,,,,,,,,,,,,,,,,,,,,,
7046,I,GJ,,,,,,,,,,,,,,,,,,,,,,,,,,,,,,
7047,D,MP,,,,,,,,,,,,,,,,,,,,,,,,,,,,,,
7048,T,GJ,,,,,,,,,,,,,,,,,,,,,,,,,,,,,,
7049,I,MP,,,,,,,,,,,,,,,,,,,,,,,,,,,,,,
7050,U,BR,,,,,,,,,,,,,,,,,,,,,,,,,,,,,,
7051,A,JK,,,,,,,,,,,,,,,,,,,,,,,,,,,,,,
7052,I,UE,,,,,,,,,,,,,,,,,,,,,,,,,,,,,,
7053,C,DL,,,,,,,,,,,,,,,,,,,,,,,,,,,,,,
7054,A,UE,,,,,,,,,,,,,,,,,,,,,,,,,,,,,,
7055,I,UW,,,,,,,,,,,,,,,,,,,,,,,,,,,,,,
7056,I,HR,,,,,,,,,,,,,,,,,,,,,,,,,,,,,,
7057,I,MH,,,,,,,,,,,,,,,,,,,,,,,,,,,,,,
7058,U,MH,,,,,,,,,,,,,,,,,,,,,,,,,,,,,,
7059,C,KO,,,,,,,,,,,,,,,,,,,,,,,,,,,,,,
7060,A,UW,,,,,,,,,,,,,,,,,,,,,,,,,,,,,,
7061,R,BR,,,,,,,,,,,,,,,,,,,,,,,,,,,,,,
7062,C,RJ,,,,,,,,,,,,,,,,,,,,,,,,,,,,,,
7063,A,WB,,,,,,,,,,,,,,,,,,,,,,,,,,,,,,
7064,V,OR,,,,,,,,,,,,,,,,,,,,,,,,,,,,,,
7065,I,DL,,,,,,,,,,,,,,,,,,,,,,,,,,,,,,
7066,V,MH,,,,,,,,,,,,,,,,,,,,,,,,,,,,,,
7067,R,MP,,,,,,,,,,,,,,,,,,,,,,,,,,,,,,
7068,U,UE,,,,,,,,,,,,,,,,,,,,,,,,,,,,,,
7069,V,GJ,,,,,,,,,,,,,,,,,,,,,,,,,,,,,,
7070,A,BR,,,,,,,,,,,,,,,,,,,,,,,,,,,,,,
7071,C,UE,,,,,,,,,,,,,,,,,,,,,,,,,,,,,,
7072,V,GJ,,,,,,,,,,,,,,,,,,,,,,,,,,,,,,
7073,A,RJ,,,,,,,,,,,,,,,,,,,,,,,,,,,,,,
7074,I,WB,,,,,,,,,,,,,,,,,,,,,,,,,,,,,,
7075,U,AP,,,,,,,,,,,,,,,,,,,,,,,,,,,,,,
7076,V,WB,,,,,,,,,,,,,,,,,,,,,,,,,,,,,,
7077,A,OR,,,,,,,,,,,,,,,,,,,,,,,,,,,,,,
7078,U,UW,,,,,,,,,,,,,,,,,,,,,,,,,,,,,,
7079,I,BR,,,,,,,,,,,,,,,,,,,,,,,,,,,,,,
7080,A,UE,,,,,,,,,,,,,,,,,,,,,,,,,,,,,,
7081,V,UE,,,,,,,,,,,,,,,,,,,,,,,,,,,,,,
7082,A,HR,,,,,,,,,,,,,,,,,,,,,,,,,,,,,,
7083,I,MH,,,,,,,,,,,,,,,,,,,,,,,,,,,,,,
7084,I,UE,,,,,,,,,,,,,,,,,,,,,,,,,,,,,,
7085,A,NE,,,,,,,,,,,,,,,,,,,,,,,,,,,,,,
7086,A,AS,,,,,,,,,,,,,,,,,,,,,,,,,,,,,,
7087,A,PB,,,,,,,,,,,,,,,,,,,,,,,,,,,,,,
7088,I,UW,,,,,,,,,,,,,,,,,,,,,,,,,,,,,,
7089,I,MP,,,,,,,,,,,,,,,,,,,,,,,,,,,,,,
7090,I,KN,,,,,,,,,,,,,,,,,,,,,,,,,,,,,,
7091,A,BR,,,,,,,,,,,,,,,,,,,,,,,,,,,,,,
7092,I,TN,,,,,,,,,,,,,,,,,,,,,,,,,,,,,,
7093,A,AP,,,,,,,,,,,,,,,,,,,,,,,,,,,,,,
7094,V,TN,,,,,,,,,,,,,,,,,,,,,,,,,,,,,,
7095,I,AP,,,,,,,,,,,,,,,,,,,,,,,,,,,,,,
7096,I,GJ,,,,,,,,,,,,,,,,,,,,,,,,,,,,,,
7097,C,AP,,,,,,,,,,,,,,,,,,,,,,,,,,,,,,
7098,C,WB,,,,,,,,,,,,,,,,,,,,,,,,,,,,,,
7099,U,AS,,,,,,,,,,,,,,,,,,,,,,,,,,,,,,
7100,$,$$,,,,,,,,,,,,,,,,,,,,,,,,,,,,,,
7101,-,--,,,,,,,,,,,,,,,,,,,,,,,,,,,,,,
7102,$,$$,,,,,,,,,,,,,,,,,,,,,,,,,,,,,,
7103,$,$$,**,,,,,,,,,,,,,,,,,,,,,,,,,,,,,
7104,$,$$,,,,,,,,,,,,,,,,,,,,,,,,,,,,,,
7105,$,$$,,,,,,,,,,,,,,,,,,,,,,,,,,,,,,
7106,$,$$,,,,,,,,,,,,,,,,,,,,,,,,,,,,,,
7107,-,--,,,,,,,,,,,,,,,,,,,,,,,,,,,,,,
7108,-,--,,,,,,,,,,,,,,,,,,,,,,,,,,,,,,
7109,$,$$,,,,,,,,,,,,,,,,,,,,,,,,,,,,,,
7110,-,--,,,,,,,,,,,,,,,,,,,,,,,,,,,,,,
7111,-,--,,,,,,,,,,,,,,,,,,,,,,,,,,,,,,
7112,$,$$,,,,,,,,,,,,,,,,,,,,,,,,,,,,,,
7113,$,$$,,,,,,,,,,,,,,,,,,,,,,,,,,,,,,
7114,$,$$,,,,,,,,,,,,,,,,,,,,,,,,,,,,,,
7115,$,$$,,,,,,,,,,,,,,,,,,,,,,,,,,,,,,
7116,$,$$,,,,,,,,,,,,,,,,,,,,,,,,,,,,,,
7117,-,--,,,,,,,,,,,,,,,,,,,,,,,,,,,,,,
7118,$,$$,,,,,,,,,,,,,,,,,,,,,,,,,,,,,,
7119,-,--,,,,,,,,,,,,,,,,,,,,,,,,,,,,,,
7120,-,--,,,,,,,,,,,,,,,,,,,,,,,,,,,,,,
7121,-,--,,,,,,,,,,,,,,,,,,,,,,,,,,,,,,
7122,$,$$,,,,,,,,,,,,,,,,,,,,,,,,,,,,,,
7123,$,$$,,,,,,,,,,,,,,,,,,,,,,,,,,,,,,
7124,$,$$,,,,,,,,,,,,,,,,,,,,,,,,,,,,,,
7125,-,--,,,,,,,,,,,,,,,,,,,,,,,,,,,,,,
7126,$,$$,,,,,,,,,,,,,,,,,,,,,,,,,,,,,,
7127,-,--,,,,,,,,,,,,,,,,,,,,,,,,,,,,,,
7128,-,--,,,,,,,,,,,,,,,,,,,,,,,,,,,,,,
7129,-,--,,,,,,,,,,,,,,,,,,,,,,,,,,,,,,
7130,-,--,,,,,,,,,,,,,,,,,,,,,,,,,,,,,,
7131,$,$$,,,,,,,,,,,,,,,,,,,,,,,,,,,,,,
7132,$,$$,,,,,,,,,,,,,,,,,,,,,,,,,,,,,,
7133,$,$$,,,,,,,,,,,,,,,,,,,,,,,,,,,,,,
7134,$,$$,,,,,,,,,,,,,,,,,,,,,,,,,,,,,,
7135,$,$$,,,,,,,,,,,,,,,,,,,,,,,,,,,,,,
7136,$,$$,,,,,,,,,,,,,,,,,,,,,,,,,,,,,,
7137,$,$$,,,,,,,,,,,,,,,,,,,,,,,,,,,,,,
7138,$,$$,,,,,,,,,,,,,,,,,,,,,,,,,,,,,,
7139,$,$$,,,,,,,,,,,,,,,,,,,,,,,,,,,,,,
7140,-,--,,,,,,,,,,,,,,,,,,,,,,,,,,,,,,
7141,$,$$,,,,,,,,,,,,,,,,,,,,,,,,,,,,,,
7142,$,$$,,,,,,,,,,,,,,,,,,,,,,,,,,,,,,
7143,$,$$,,,,,,,,,,,,,,,,,,,,,,,,,,,,,,
7144,$,$$,,,,,,,,,,,,,,,,,,,,,,,,,,,,,,
7145,$,$$,,,,,,,,,,,,,,,,,,,,,,,,,,,,,,
7146,$,$$,,,,,,,,,,,,,,,,,,,,,,,,,,,,,,
7147,$,$$,,,,,,,,,,,,,,,,,,,,,,,,,,,,,,
7148,$,$$,,,,,,,,,,,,,,,,,,,,,,,,,,,,,,
7149,$,$$,,,,,,,,,,,,,,,,,,,,,,,,,,,,,,
7150,-,--,,,,,,,,,,,,,,,,,,,,,,,,,,,,,,
7151,$,$$,,,,,,,,,,,,,,,,,,,,,,,,,,,,,,
7152,$,$$,,,,,,,,,,,,,,,,,,,,,,,,,,,,,,
7153,$,$$,,,,,,,,,,,,,,,,,,,,,,,,,,,,,,
7154,-,--,,,,,,,,,,,,,,,,,,,,,,,,,,,,,,
7155,$,$$,,,,,,,,,,,,,,,,,,,,,,,,,,,,,,
7156,$,$$,,,,,,,,,,,,,,,,,,,,,,,,,,,,,,
7157,$,$$,,,,,,,,,,,,,,,,,,,,,,,,,,,,,,
7158,$,$$,,,,,,,,,,,,,,,,,,,,,,,,,,,,,,
7159,-,--,,,,,,,,,,,,,,,,,,,,,,,,,,,,,,
7160,$,$$,,,,,,,,,,,,,,,,,,,,,,,,,,,,,,
7161,$,$$,,,,,,,,,,,,,,,,,,,,,,,,,,,,,,
7162,$,$$,,,,,,,,,,,,,,,,,,,,,,,,,,,,,,
7163,-,--,,,,,,,,,,,,,,,,,,,,,,,,,,,,,,
7164,$,$$,,,,,,,,,,,,,,,,,,,,,,,,,,,,,,
7165,$,$$,,,,,,,,,,,,,,,,,,,,,,,,,,,,,,
7166,$,$$,,,,,,,,,,,,,,,,,,,,,,,,,,,,,,
7167,$,$$,,,,,,,,,,,,,,,,,,,,,,,,,,,,,,
7168,$,$$,,,,,,,,,,,,,,,,,,,,,,,,,,,,,,
7169,$,$$,,,,,,,,,,,,,,,,,,,,,,,,,,,,,,
7170,$,$$,,,,,,,,,,,,,,,,,,,,,,,,,,,,,,
7171,$,$$,,,,,,,,,,,,,,,,,,,,,,,,,,,,,,
7172,$,$$,,,,,,,,,,,,,,,,,,,,,,,,,,,,,,
7173,$,$$,,,,,,,,,,,,,,,,,,,,,,,,,,,,,,
7174,$,$$,,,,,,,,,,,,,,,,,,,,,,,,,,,,,,
7175,$,$$,,,,,,,,,,,,,,,,,,,,,,,,,,,,,,
7176,$,$$,,,,,,,,,,,,,,,,,,,,,,,,,,,,,,
7177,$,$$,,,,,,,,,,,,,,,,,,,,,,,,,,,,,,
7178,$,$$,,,,,,,,,,,,,,,,,,,,,,,,,,,,,,
7179,$,$$,,,,,,,,,,,,,,,,,,,,,,,,,,,,,,
7180,$,$$,,,,,,,,,,,,,,,,,,,,,,,,,,,,,,
7181,$,$$,,,,,,,,,,,,,,,,,,,,,,,,,,,,,,
7182,$,$$,,,,,,,,,,,,,,,,,,,,,,,,,,,,,,
7183,$,$$,,,,,,,,,,,,,,,,,,,,,,,,,,,,,,
7184,$,$$,,,,,,,,,,,,,,,,,,,,,,,,,,,,,,
7185,$,$$,,,,,,,,,,,,,,,,,,,,,,,,,,,,,,
7186,$,$$,,,,,,,,,,,,,,,,,,,,,,,,,,,,,,
7187,$,$$,,,,,,,,,,,,,,,,,,,,,,,,,,,,,,
7188,-,--,,,,,,,,,,,,,,,,,,,,,,,,,,,,,,
7189,$,$$,,,,,,,,,,,,,,,,,,,,,,,,,,,,,,
7190,-,--,,,,,,,,,,,,,,,,,,,,,,,,,,,,,,
7191,-,--,,,,,,,,,,,,,,,,,,,,,,,,,,,,,,
7192,-,--,,,,,,,,,,,,,,,,,,,,,,,,,,,,,,
7193,-,--,,,,,,,,,,,,,,,,,,,,,,,,,,,,,,
7194,-,--,,,,,,,,,,,,,,,,,,,,,,,,,,,,,,
7195,-,--,,,,,,,,,,,,,,,,,,,,,,,,,,,,,,
7196,$,$$,,,,,,,,,,,,,,,,,,,,,,,,,,,,,,
7197,$,$$,,,,,,,,,,,,,,,,,,,,,,,,,,,,,,
7198,$,$$,,,,,,,,,,,,,,,,,,,,,,,,,,,,,,
7199,$,$$,,,,,,,,,,,,,,,,,,,,,,,,,,,,,,
7200,T,TN,,,,,,,,,,,,,,,,,,,,,,,,,,,,,,
7201,$,$$,,,,,,,,,,,,,,,,,,,,,,,,,,,,,,
7202,$,$$,,,,,,,,,,,,,,,,,,,,,,,,,,,,,,
7203,$,$$,,,,,,,,,,,,,,,,,,,,,,,,,,,,,,
7204,T,KN,,,,,,,,,,,,,,,,,,,,,,,,,,,,,,
7205,T,OR,,,,,,,,,,,,,,,,,,,,,,,,,,,,,,
7206,T,HR,,,,,,,,,,,,,,,,,,,,,,,,,,,,,,
7207,T,AP,,,,,,,,,,,,,,,,,,,,,,,,,,,,,,
7208,T,MU,,,,,,,,,,,,,,,,,,,,,,,,,,,,,,
7209,T,BR,,,,,,,,,,,,,,,,,,,,,,,,,,,,,,
7210,-,--,,,,,,,,,,,,,,,,,,,,,,,,,,,,,,
7211,-,--,,,,,,,,,,,,,,,,,,,,,,,,,,,,,,
7212,$,$$,,,,,,,,,,,,,,,,,,,,,,,,,,,,,,
7213,$,$$,,,,,,,,,,,,,,,,,,,,,,,,,,,,,,
7214,$,$$,,,,,,,,,,,,,,,,,,,,,,,,,,,,,,
7215,-,--,,,,,,,,,,,,,,,,,,,,,,,,,,,,,,
7216,$,$$,,,,,,,,,,,,,,,,,,,,,,,,,,,,,,
7217,-,--,,,,,,,,,,,,,,,,,,,,,,,,,,,,,,
7218,-,--,,,,,,,,,,,,,,,,,,,,,,,,,,,,,,
7219,-,--,,,,,,,,,,,,,,,,,,,,,,,,,,,,,,
7220,$,$$,,,,,,,,,,,,,,,,,,,,,,,,,,,,,,
7221,$,$$,,,,,,,,,,,,,,,,,,,,,,,,,,,,,,
7222,$,$$,,,,,,,,,,,,,,,,,,,,,,,,,,,,,,
7223,$,$$,,,,,,,,,,,,,,,,,,,,,,,,,,,,,,
7224,$,$$,,,,,,,,,,,,,,,,,,,,,,,,,,,,,,
7225,$,$$,,,,,,,,,,,,,,,,,,,,,,,,,,,,,,
7226,$,$$,,,,,,,,,,,,,,,,,,,,,,,,,,,,,,
7227,$,$$,,,,,,,,,,,,,,,,,,,,,,,,,,,,,,
7228,$,$$,,,,,,,,,,,,,,,,,,,,,,,,,,,,,,
7229,$,$$,,,,,,,,,,,,,,,,,,,,,,,,,,,,,,
7230,$,$$,,,,,,,,,,,,,,,,,,,,,,,,,,,,,,
7231,$,$$,,,,,,,,,,,,,,,,,,,,,,,,,,,,,,
7232,$,$$,,,,,,,,,,,,,,,,,,,,,,,,,,,,,,
7233,$,$$,,,,,,,,,,,,,,,,,,,,,,,,,,,,,,
7234,$,$$,,,,,,,,,,,,,,,,,,,,,,,,,,,,,,
7235,$,$$,,,,,,,,,,,,,,,,,,,,,,,,,,,,,,
7236,$,$$,,,,,,,,,,,,,,,,,,,,,,,,,,,,,,
7237,$,$$,,,,,,,,,,,,,,,,,,,,,,,,,,,,,,
7238,$,$$,,,,,,,,,,,,,,,,,,,,,,,,,,,,,,
7239,$,$$,,,,,,,,,,,,,,,,,,,,,,,,,,,,,,
7240,-,--,,,,,,,,,,,,,,,,,,,,,,,,,,,,,,
7241,-,--,,,,,,,,,,,,,,,,,,,,,,,,,,,,,,
7242,$,$$,,,,,,,,,,,,,,,,,,,,,,,,,,,,,,
7243,$,$$,,,,,,,,,,,,,,,,,,,,,,,,,,,,,,
7244,$,$$,,,,,,,,,,,,,,,,,,,,,,,,,,,,,,
7245,-,--,,,,,,,,,,,,,,,,,,,,,,,,,,,,,,
7246,$,$$,,,,,,,,,,,,,,,,,,,,,,,,,,,,,,
7247,-,--,,,,,,,,,,,,,,,,,,,,,,,,,,,,,,
7248,-,--,,,,,,,,,,,,,,,,,,,,,,,,,,,,,,
7249,-,--,,,,,,,,,,,,,,,,,,,,,,,,,,,,,,
7250,A,BR,,,,,,,,,,,,,,,,,,,,,,,,,,,,,,
7251,$,$$,,,,,,,,,,,,,,,,,,,,,,,,,,,,,,
7252,$,$$,,,,,,,,,,,,,,,,,,,,,,,,,,,,,,
7253,$,$$,,,,,,,,,,,,,,,,,,,,,,,,,,,,,,
7254,$,$$,,,,,,,,,,,,,,,,,,,,,,,,,,,,,,
7255,$,$$,,,,,,,,,,,,,,,,,,,,,,,,,,,,,,
7256,$,$$,,,,,,,,,,,,,,,,,,,,,,,,,,,,,,
7257,$,$$,,,,,,,,,,,,,,,,,,,,,,,,,,,,,,
7258,$,$$,,,,,,,,,,,,,,,,,,,,,,,,,,,,,,
7259,A,KN,,,,,,,,,,,,,,,,,,,,,,,,,,,,,,
7260,$,$$,,,,,,,,,,,,,,,,,,,,,,,,,,,,,,
7261,$,$$,,,,,,,,,,,,,,,,,,,,,,,,,,,,,,
7262,$,$$,,,,,,,,,,,,,,,,,,,,,,,,,,,,,,
7263,$,$$,,,,,,,,,,,,,,,,,,,,,,,,,,,,,,
7264,$,$$,,,,,,,,,,,,,,,,,,,,,,,,,,,,,,
7265,$,$$,,,,,,,,,,,,,,,,,,,,,,,,,,,,,,
7266,$,$$,,,,,,,,,,,,,,,,,,,,,,,,,,,,,,
7267,$,$$,,,,,,,,,,,,,,,,,,,,,,,,,,,,,,
7268,$,$$,,,,,,,,,,,,,,,,,,,,,,,,,,,,,,
7269,$,$$,,,,,,,,,,,,,,,,,,,,,,,,,,,,,,
7270,$,$$,,,,,,,,,,,,,,,,,,,,,,,,,,,,,,
7271,$,$$,,,,,,,,,,,,,,,,,,,,,,,,,,,,,,
7272,$,$$,,,,,,,,,,,,,,,,,,,,,,,,,,,,,,
7273,$,$$,,,,,,,,,,,,,,,,,,,,,,,,,,,,,,
7274,$,$$,,,,,,,,,,,,,,,,,,,,,,,,,,,,,,
7275,T,UE,,,,,,,,,,,,,,,,,,,,,,,,,,,,,,
7276,T,MH,,,,,,,,,,,,,,,,,,,,,,,,,,,,,,
7277,C,BR,,,,,,,,,,,,,,,,,,,,,,,,,,,,,,
7278,C,KO,,,,,,,,,,,,,,,,,,,,,,,,,,,,,,
7279,$,$$,,,,,,,,,,,,,,,,,,,,,,,,,,,,,,
7280,$,$$,,,,,,,,,,,,,,,,,,,,,,,,,,,,,,
7281,$,$$,,,,,,,,,,,,,,,,,,,,,,,,,,,,,,
7282,$,$$,,,,,,,,,,,,,,,,,,,,,,,,,,,,,,
7283,$,$$,,,,,,,,,,,,,,,,,,,,,,,,,,,,,,
7284,$,$$,,,,,,,,,,,,,,,,,,,,,,,,,,,,,,
7285,$,$$,,,,,,,,,,,,,,,,,,,,,,,,,,,,,,
7286,$,$$,,,,,,,,,,,,,,,,,,,,,,,,,,,,,,
7287,$,$$,,,,,,,,,,,,,,,,,,,,,,,,,,,,,,
7288,$,$$,,,,,,,,,,,,,,,,,,,,,,,,,,,,,,
7289,$,$$,,,,,,,,,,,,,,,,,,,,,,,,,,,,,,
7290,$,$$,,,,,,,,,,,,,,,,,,,,,,,,,,,,,,
7291,$,$$,,,,,,,,,,,,,,,,,,,,,,,,,,,,,,
7292,$,$$,,,,,,,,,,,,,,,,,,,,,,,,,,,,,,
7293,C,KL,,,,,,,,,,,,,,,,,,,,,,,,,,,,,,
7294,$,$$,,,,,,,,,,,,,,,,,,,,,,,,,,,,,,
7295,$,$$,,,,,,,,,,,,,,,,,,,,,,,,,,,,,,
7296,$,$$,,,,,,,,,,,,,,,,,,,,,,,,,,,,,,
7297,$,$$,,,,,,,,,,,,,,,,,,,,,,,,,,,,,,
7298,C,JK,,,,,,,,,,,,,,,,,,,,,,,,,,,,,,
7299,C,CH,,,,,,,,,,,,,,,,,,,,,,,,,,,,,,
7300,-,--,,,,,,,,,,,,,,,,,,,,,,,,,,,,,,
7301,C,BR,,,,,,,,,,,,,,,,,,,,,,,,,,,,,,
7302,L,MU,,,,,,,,,,,,,,,,,,,,,,,,,,,,,,
7303,R,MU,,,,,,,,,,,,,,,,,,,,,,,,,,,,,,
7304,R,MH,,,,,,,,,,,,,,,,,,,,,,,,,,,,,,
7305,R,TN,,,,,,,,,,,,,,,,,,,,,,,,,,,,,,
7306,R,AP,,,,,,,,,,,,,,,,,,,,,,,,,,,,,,
7307,R,PB,,,,,,,,,,,,,,,,,,,,,,,,,,,,,,
7308,R,NE,,,,,,,,,,,,,,,,,,,,,,,,,,,,,,
7309,I,UE,,,,,,,,,,,,,,,,,,,,,,,,,,,,,,
7310,-,--,,,,,,,,,,,,,,,,,,,,,,,,,,,,,,
7311,-,--,,,,,,,,,,,,,,,,,,,,,,,,,,,,,,
7312,$,$$,,,,,,,,,,,,,,,,,,,,,,,,,,,,,,
7313,$,$$,,,,,,,,,,,,,,,,,,,,,,,,,,,,,,
7314,$,$$,,,,,,,,,,,,,,,,,,,,,,,,,,,,,,
7315,-,--,,,,,,,,,,,,,,,,,,,,,,,,,,,,,,
7316,$,$$,,,,,,,,,,,,,,,,,,,,,,,,,,,,,,
7317,-,--,,,,,,,,,,,,,,,,,,,,,,,,,,,,,,
7318,-,--,,,,,,,,,,,,,,,,,,,,,,,,,,,,,,
7319,-,--,,,,,,,,,,,,,,,,,,,,,,,,,,,,,,
7320,$,$$,,,,,,,,,,,,,,,,,,,,,,,,,,,,,,
7321,$,$$,,,,,,,,,,,,,,,,,,,,,,,,,,,,,,
7322,$,$$,,,,,,,,,,,,,,,,,,,,,,,,,,,,,,
7323,$,$$,,,,,,,,,,,,,,,,,,,,,,,,,,,,,,
7324,$,$$,,,,,,,,,,,,,,,,,,,,,,,,,,,,,,
7325,$,$$,,,,,,,,,,,,,,,,,,,,,,,,,,,,,,
7326,$,$$,,,,,,,,,,,,,,,,,,,,,,,,,,,,,,
7327,$,$$,,,,,,,,,,,,,,,,,,,,,,,,,,,,,,
7328,$,$$,,,,,,,,,,,,,,,,,,,,,,,,,,,,,,
7329,$,$$,,,,,,,,,,,,,,,,,,,,,,,,,,,,,,
7330,-,--,,,,,,,,,,,,,,,,,,,,,,,,,,,,,,
7331,-,--,,,,,,,,,,,,,,,,,,,,,,,,,,,,,,
7332,$,$$,,,,,,,,,,,,,,,,,,,,,,,,,,,,,,
7333,$,$$,,,,,,,,,,,,,,,,,,,,,,,,,,,,,,
7334,$,$$,,,,,,,,,,,,,,,,,,,,,,,,,,,,,,
7335,-,--,,,,,,,,,,,,,,,,,,,,,,,,,,,,,,
7336,$,$$,,,,,,,,,,,,,,,,,,,,,,,,,,,,,,
7337,-,--,,,,,,,,,,,,,,,,,,,,,,,,,,,,,,
7338,-,--,,,,,,,,,,,,,,,,,,,,,,,,,,,,,,
7339,-,--,,,,,,,,,,,,,,,,,,,,,,,,,,,,,,
7340,-,--,,,,,,,,,,,,,,,,,,,,,,,,,,,,,,
7341,-,--,,,,,,,,,,,,,,,,,,,,,,,,,,,,,,
7342,$,$$,,,,,,,,,,,,,,,,,,,,,,,,,,,,,,
7343,$,$$,,,,,,,,,,,,,,,,,,,,,,,,,,,,,,
7344,$,$$,,,,,,,,,,,,,,,,,,,,,,,,,,,,,,
7345,-,--,,,,,,,,,,,,,,,,,,,,,,,,,,,,,,
7346,$,$$,,,,,,,,,,,,,,,,,,,,,,,,,,,,,,
7347,-,--,,,,,,,,,,,,,,,,,,,,,,,,,,,,,,
7348,-,--,,,,,,,,,,,,,,,,,,,,,,,,,,,,,,
7349,-,--,,,,,,,,,,,,,,,,,,,,,,,,,,,,,,
7350,I,MH,,,,,,,,,,,,,,,,,,,,,,,,,,,,,,
7351,I,UW,,,,,,,,,,,,,,,,,,,,,,,,,,,,,,
7352,I,BR,,,,,,,,,,,,,,,,,,,,,,,,,,,,,,
7353,I,KN,,,,,,,,,,,,,,,,,,,,,,,,,,,,,,
7354,I,MP,,,,,,,,,,,,,,,,,,,,,,,,,,,,,,
7355,D,PB,,,,,,,,,,,,,,,,,,,,,,,,,,,,,,
7356,A,KL,,,,,,,,,,,,,,,,,,,,,,,,,,,,,,
7357,D,HR,,,,,,,,,,,,,,,,,,,,,,,,,,,,,,
7358,D,TN,,,,,,,,,,,,,,,,,,,,,,,,,,,,,,
7359,I,GJ,,,,,,,,,,,,,,,,,,,,,,,,,,,,,,
7360,$,$$,,,,,,,,,,,,,,,,,,,,,,,,,,,,,,
7361,$,$$,,,,,,,,,,,,,,,,,,,,,,,,,,,,,,
7362,$,$$,,,,,,,,,,,,,,,,,,,,,,,,,,,,,,
7363,$,$$,,,,,,,,,,,,,,,,,,,,,,,,,,,,,,
7364,$,$$,,,,,,,,,,,,,,,,,,,,,,,,,,,,,,
7365,$,$$,,,,,,,,,,,,,,,,,,,,,,,,,,,,,,
7366,$,$$,,,,,,,,,,,,,,,,,,,,,,,,,,,,,,
7367,$,$$,,,,,,,,,,,,,,,,,,,,,,,,,,,,,,
7368,$,$$,,,,,,,,,,,,,,,,,,,,,,,,,,,,,,
7369,$,$$,,,,,,,,,,,,,,,,,,,,,,,,,,,,,,
7370,$,$$,,,,,,,,,,,,,,,,,,,,,,,,,,,,,,
7371,$,$$,,,,,,,,,,,,,,,,,,,,,,,,,,,,,,
7372,$,$$,,,,,,,,,,,,,,,,,,,,,,,,,,,,,,
7373,C,TN,,,,,,,,,,,,,,,,,,,,,,,,,,,,,,
7374,$,$$,,,,,,,,,,,,,,,,,,,,,,,,,,,,,,
7375,$,$$,,,,,,,,,,,,,,,,,,,,,,,,,,,,,,
7376,B,UE,,,,,,,,,,,,,,,,,,,,,,,,,,,,,,
7377,I,OR,,,,,,,,,,,,,,,,,,,,,,,,,,,,,,
7378,-,--,,,,,,,,,,,,,,,,,,,,,,,,,,,,,,
7379,V,UE,,,,,,,,,,,,,,,,,,,,,,,,,,,,,,
7380,B,PB,,,,,,,,,,,,,,,,,,,,,,,,,,,,,,
7381,V,OR,,,,,,,,,,,,,,,,,,,,,,,,,,,,,,
7382,B,AP,,,,,,,,,,,,,,,,,,,,,,,,,,,,,,
7383,U,GJ,,,,,,,,,,,,,,,,,,,,,,,,,,,,,,
7384,U,WB,,,,,,,,,,,,,,,,,,,,,,,,,,,,,,
7385,U,MH,,,,,,,,,,,,,,,,,,,,,,,,,,,,,,
7386,U,AP,,,,,,,,,,,,,,,,,,,,,,,,,,,,,,
7387,A,MH,,,,,,,,,,,,,,,,,,,,,,,,,,,,,,
7388,A,UE,,,,,,,,,,,,,,,,,,,,,,,,,,,,,,
7389,A,MP,,,,,,,,,,,,,,,,,,,,,,,,,,,,,,
7390,$,$$,,,,,,,,,,,,,,,,,,,,,,,,,,,,,,
7391,$,$$,,,,,,,,,,,,,,,,,,,,,,,,,,,,,,
7392,$,$$,,,,,,,,,,,,,,,,,,,,,,,,,,,,,,
7393,$,$$,,,,,,,,,,,,,,,,,,,,,,,,,,,,,,
7394,$,$$,,,,,,,,,,,,,,,,,,,,,,,,,,,,,,
7395,$,$$,,,,,,,,,,,,,,,,,,,,,,,,,,,,,,
7396,U,AP,,,,,,,,,,,,,,,,,,,,,,,,,,,,,,
7397,-,--,,,,,,,,,,,,,,,,,,,,,,,,,,,,,,
7398,U,UE,,,,,,,,,,,,,,,,,,,,,,,,,,,,,,
7399,C,AS,,,,,,,,,,,,,,,,,,,,,,,,,,,,,,
7400,-,--,,,,,,,,,,,,,,,,,,,,,,,,,,,,,,
7401,C,CH,,,,,,,,,,,,,,,,,,,,,,,,,,,,,,
7402,C,TN,,,,,,,,,,,,,,,,,,,,,,,,,,,,,,
7403,C,KL,,,,,,,,,,,,,,,,,,,,,,,,,,,,,,
7404,T,HR,,,,,,,,,,,,,,,,,,,,,,,,,,,,,,
7405,T,GJ,,,,,,,,,,,,,,,,,,,,,,,,,,,,,,
7406,V,KN,,,,,,,,,,,,,,,,,,,,,,,,,,,,,,
7407,V,WB,,,,,,,,,,,,,,,,,,,,,,,,,,,,,,
7408,V,UE,,,,,,,,,,,,,,,,,,,,,,,,,,,,,,
7409,V,UW,,,,,,,,,,,,,,,,,,,,,,,,,,,,,,
7410,$,$$,,,,,,,,,,,,,,,,,,,,,,,,,,,,,,
7411,T,KN,,,,,,,,,,,,,,,,,,,,,,,,,,,,,,
7412,$,$$,,,,,,,,,,,,,,,,,,,,,,,,,,,,,,
7413,$,$$,,,,,,,,,,,,,,,,,,,,,,,,,,,,,,
7414,$,$$,,,,,,,,,,,,,,,,,,,,,,,,,,,,,,
7415,T,MP,,,,,,,,,,,,,,,,,,,,,,,,,,,,,,
7416,T,AP,,,,,,,,,,,,,,,,,,,,,,,,,,,,,,
7417,T,UW,,,,,,,,,,,,,,,,,,,,,,,,,,,,,,
7418,T,TN,,,,,,,,,,,,,,,,,,,,,,,,,,,,,,
7419,r,MH,,,,,,,,,,,,,,,,,,,,,,,,,,,,,,
7420,$,$$,,,,,,,,,,,,,,,,,,,,,,,,,,,,,,
7421,$,$$,,,,,,,,,,,,,,,,,,,,,,,,,,,,,,
7422,$,$$,,,,,,,,,,,,,,,,,,,,,,,,,,,,,,
7423,$,$$,,,,,,,,,,,,,,,,,,,,,,,,,,,,,,
7424,$,$$,,,,,,,,,,,,,,,,,,,,,,,,,,,,,,
7425,$,$$,,,,,,,,,,,,,,,,,,,,,,,,,,,,,,
7426,$,$$,,,,,,,,,,,,,,,,,,,,,,,,,,,,,,
7427,$,$$,,,,,,,,,,,,,,,,,,,,,,,,,,,,,,
7428,r,DL,,,,,,,,,,,,,,,,,,,,,,,,,,,,,,
7429,r,KL,,,,,,,,,,,,,,,,,,,,,,,,,,,,,,
7430,$,$$,,,,,,,,,,,,,,,,,,,,,,,,,,,,,,
7431,$,$$,,,,,,,,,,,,,,,,,,,,,,,,,,,,,,
7432,$,$$,,,,,,,,,,,,,,,,,,,,,,,,,,,,,,
7433,$,$$,,,,,,,,,,,,,,,,,,,,,,,,,,,,,,
7434,$,$$,,,,,,,,,,,,,,,,,,,,,,,,,,,,,,
7435,$,$$,,,,,,,,,,,,,,,,,,,,,,,,,,,,,,
7436,$,$$,,,,,,,,,,,,,,,,,,,,,,,,,,,,,,
7437,$,$$,,,,,,,,,,,,,,,,,,,,,,,,,,,,,,
7438,$,$$,,,,,,,,,,,,,,,,,,,,,,,,,,,,,,
7439,r,KO,,,,,,,,,,,,,,,,,,,,,,,,,,,,,,
7440,-,--,,,,,,,,,,,,,,,,,,,,,,,,,,,,,,
7441,-,--,,,,,,,,,,,,,,,,,,,,,,,,,,,,,,
7442,$,$$,,,,,,,,,,,,,,,,,,,,,,,,,,,,,,
7443,$,$$,,,,,,,,,,,,,,,,,,,,,,,,,,,,,,
7444,$,$$,,,,,,,,,,,,,,,,,,,,,,,,,,,,,,
7445,-,--,,,,,,,,,,,,,,,,,,,,,,,,,,,,,,
7446,$,$$,,,,,,,,,,,,,,,,,,,,,,,,,,,,,,
7447,-,--,,,,,,,,,,,,,,,,,,,,,,,,,,,,,,
7448,-,--,,,,,,,,,,,,,,,,,,,,,,,,,,,,,,
7449,-,--,,,,,,,,,,,,,,,,,,,,,,,,,,,,,,
7450,$,$$,,,,,,,,,,,,,,,,,,,,,,,,,,,,,,
7451,$,$$,,,,,,,,,,,,,,,,,,,,,,,,,,,,,,
7452,$,$$,,,,,,,,,,,,,,,,,,,,,,,,,,,,,,
7453,$,$$,,,,,,,,,,,,,,,,,,,,,,,,,,,,,,
7454,$,$$,,,,,,,,,,,,,,,,,,,,,,,,,,,,,,
7455,$,$$,,,,,,,,,,,,,,,,,,,,,,,,,,,,,,
7456,$,$$,,,,,,,,,,,,,,,,,,,,,,,,,,,,,,
7457,$,$$,,,,,,,,,,,,,,,,,,,,,,,,,,,,,,
7458,$,$$,,,,,,,,,,,,,,,,,,,,,,,,,,,,,,
7459,$,$$,,,,,,,,,,,,,,,,,,,,,,,,,,,,,,
7460,$,$$,,,,,,,,,,,,,,,,,,,,,,,,,,,,,,
7461,$,$$,,,,,,,,,,,,,,,,,,,,,,,,,,,,,,
7462,$,$$,,,,,,,,,,,,,,,,,,,,,,,,,,,,,,
7463,$,$$,,,,,,,,,,,,,,,,,,,,,,,,,,,,,,
7464,$,$$,,,,,,,,,,,,,,,,,,,,,,,,,,,,,,
7465,$,$$,,,,,,,,,,,,,,,,,,,,,,,,,,,,,,
7466,$,$$,,,,,,,,,,,,,,,,,,,,,,,,,,,,,,
7467,$,$$,,,,,,,,,,,,,,,,,,,,,,,,,,,,,,
7468,$,$$,,,,,,,,,,,,,,,,,,,,,,,,,,,,,,
7469,$,$$,,,,,,,,,,,,,,,,,,,,,,,,,,,,,,
7470,-,--,,,,,,,,,,,,,,,,,,,,,,,,,,,,,,
7471,-,--,,,,,,,,,,,,,,,,,,,,,,,,,,,,,,
7472,$,$$,,,,,,,,,,,,,,,,,,,,,,,,,,,,,,
7473,$,$$,,,,,,,,,,,,,,,,,,,,,,,,,,,,,,
7474,$,$$,,,,,,,,,,,,,,,,,,,,,,,,,,,,,,
7475,-,--,,,,,,,,,,,,,,,,,,,,,,,,,,,,,,
7476,$,$$,,,,,,,,,,,,,,,,,,,,,,,,,,,,,,
7477,-,--,,,,,,,,,,,,,,,,,,,,,,,,,,,,,,
7478,-,--,,,,,,,,,,,,,,,,,,,,,,,,,,,,,,
7479,-,--,,,,,,,,,,,,,,,,,,,,,,,,,,,,,,
7480,$,$$,,,,,,,,,,,,,,,,,,,,,,,,,,,,,,
7481,$,$$,,,,,,,,,,,,,,,,,,,,,,,,,,,,,,
7482,$,$$,,,,,,,,,,,,,,,,,,,,,,,,,,,,,,
7483,r,KN,,,,,,,,,,,,,,,,,,,,,,,,,,,,,,
7484,$,$$,,,,,,,,,,,,,,,,,,,,,,,,,,,,,,
7485,$,$$,,,,,,,,,,,,,,,,,,,,,,,,,,,,,,
7486,$,$$,,,,,,,,,,,,,,,,,,,,,,,,,,,,,,
7487,$,$$,,,,,,,,,,,,,,,,,,,,,,,,,,,,,,
7488,r,BR,,,,,,,,,,,,,,,,,,,,,,,,,,,,,,
7489,r,MP,,,,,,,,,,,,,,,,,,,,,,,,,,,,,,
7490,$,$$,,,,,,,,,,,,,,,,,,,,,,,,,,,,,,
7491,$,$$,,,,,,,,,,,,,,,,,,,,,,,,,,,,,,
7492,$,$$,,,,,,,,,,,,,,,,,,,,,,,,,,,,,,
7493,$,$$,,,,,,,,,,,,,,,,,,,,,,,,,,,,,,
7494,$,$$,,,,,,,,,,,,,,,,,,,,,,,,,,,,,,
7495,$,$$,,,,,,,,,,,,,,,,,,,,,,,,,,,,,,
7496,$,$$,,,,,,,,,,,,,,,,,,,,,,,,,,,,,,
7497,$,$$,,,,,,,,,,,,,,,,,,,,,,,,,,,,,,
7498,r,MU,,,,,,,,,,,,,,,,,,,,,,,,,,,,,,
7499,r,UE,,,,,,,,,,,,,,,,,,,,,,,,,,,,,,
7500,I,UW,,,,,,,,,,,,,,,,,,,,,,,,,,,,,,
7501,T,WB,,,,,,,,,,,,,,,,,,,,,,,,,,,,,,
7502,C,TN,,,,,,,,,,,,,,,,,,,,,,,,,,,,,,
7503,C,DL,,,,,,,,,,,,,,,,,,,,,,,,,,,,,,
7504,C,OR,,,,,,,,,,,,,,,,,,,,,,,,,,,,,,
7505,R,UE,,,,,,,,,,,,,,,,,,,,,,,,,,,,,,
7506,V,MU,,,,,,,,,,,,,,,,,,,,,,,,,,,,,,
7507,V,MH,,,,,,,,,,,,,,,,,,,,,,,,,,,,,,
7508,V,PB,,,,,,,,,,,,,,,,,,,,,,,,,,,,,,
7509,V,MP,,,,,,,,,,,,,,,,,,,,,,,,,,,,,,
7510,-,--,,,,,,,,,,,,,,,,,,,,,,,,,,,,,,
7511,-,--,,,,,,,,,,,,,,,,,,,,,,,,,,,,,,
7512,$,$$,,,,,,,,,,,,,,,,,,,,,,,,,,,,,,
7513,$,$$,,,,,,,,,,,,,,,,,,,,,,,,,,,,,,
7514,$,$$,,,,,,,,,,,,,,,,,,,,,,,,,,,,,,
7515,-,--,,,,,,,,,,,,,,,,,,,,,,,,,,,,,,
7516,$,$$,,,,,,,,,,,,,,,,,,,,,,,,,,,,,,
7517,-,--,,,,,,,,,,,,,,,,,,,,,,,,,,,,,,
7518,-,--,,,,,,,,,,,,,,,,,,,,,,,,,,,,,,
7519,-,--,,,,,,,,,,,,,,,,,,,,,,,,,,,,,,
7520,r,UW,,,,,,,,,,,,,,,,,,,,,,,,,,,,,,
7521,$,$$,,,,,,,,,,,,,,,,,,,,,,,,,,,,,,
7522,$,$$,,,,,,,,,,,,,,,,,,,,,,,,,,,,,,
7523,A,UE,,,,,,,,,,,,,,,,,,,,,,,,,,,,,,
7524,A,UE,,,,,,,,,,,,,,,,,,,,,,,,,,,,,,
7525,A,UE,,,,,,,,,,,,,,,,,,,,,,,,,,,,,,
7526,*,**,,,,,,,,,,,,,,,,,,,,,,,,,,,,,,
7527,I,PB,,,,,,,,,,,,,,,,,,,,,,,,,,,,,,
7528,I,PB,,,,,,,,,,,,,,,,,,,,,,,,,,,,,,
7529,*,**,,,,,,,,,,,,,,,,,,,,,,,,,,,,,,
7530,C,DL,,,,,,,,,,,,,,,,,,,,,,,,,,,,,,
7531,C,DL,,,,,,,,,,,,,,,,,,,,,,,,,,,,,,
7532,C,DL,,,,,,,,,,,,,,,,,,,,,,,,,,,,,,
7533,*,**,,,,,,,,,,,,,,,,,,,,,,,,,,,,,,
7534,I,UW,,,,,,,,,,,,,,,,,,,,,,,,,,,,,,
7535,I,UW,,,,,,,,,,,,,,,,,,,,,,,,,,,,,,
7536,*,**,,,,,,,,,,,,,,,,,,,,,,,,,,,,,,
7537,C,OR,,,,,,,,,,,,,,,,,,,,,,,,,,,,,,
7538,C,OR,,,,,,,,,,,,,,,,,,,,,,,,,,,,,,
7539,C,OR,,,,,,,,,,,,,,,,,,,,,,,,,,,,,,
7540,C,OR,,,,,,,,,,,,,,,,,,,,,,,,,,,,,,
7541,A,BR,,,,,,,,,,,,,,,,,,,,,,,,,,,,,,
7542,A,BR,,,,,,,,,,,,,,,,,,,,,,,,,,,,,,
7543,A,BR,,,,,,,,,,,,,,,,,,,,,,,,,,,,,,
7544,*,BR,,,,,,,,,,,,,,,,,,,,,,,,,,,,,,
7545,V,BR,,,,,,,,,,,,,,,,,,,,,,,,,,,,,,
7546,V,BR,,,,,,,,,,,,,,,,,,,,,,,,,,,,,,
7547,V,**,,,,,,,,,,,,,,,,,,,,,,,,,,,,,,
7548,V,WB,,,,,,,,,,,,,,,,,,,,,,,,,,,,,,
7549,V,BR,,,,,,,,,,,,,,,,,,,,,,,,,,,,,,
7550,V,WB,,,,,,,,,,,,,,,,,,,,,,,,,,,,,,
7551,V,WB,,,,,,,,,,,,,,,,,,,,,,,,,,,,,,
7552,$,$$,,,,,,,,,,,,,,,,,,,,,,,,,,,,,,
7553,$,$$,,,,,,,,,,,,,,,,,,,,,,,,,,,,,,
7554,$,$$,,,,,,,,,,,,,,,,,,,,,,,,,,,,,,
7555,-,--,,,,,,,,,,,,,,,,,,,,,,,,,,,,,,
7556,$,$$,,,,,,,,,,,,,,,,,,,,,,,,,,,,,,
7557,V,WB,,,,,,,,,,,,,,,,,,,,,,,,,,,,,,
7558,I,KL,,,,,,,,,,,,,,,,,,,,,,,,,,,,,,
7559,I,KL,,,,,,,,,,,,,,,,,,,,,,,,,,,,,,
7560,I,KL,,,,,,,,,,,,,,,,,,,,,,,,,,,,,,
7561,I,**,,,,,,,,,,,,,,,,,,,,,,,,,,,,,,
7562,I,BR,,,,,,,,,,,,,,,,,,,,,,,,,,,,,,
7563,I,BR,,,,,,,,,,,,,,,,,,,,,,,,,,,,,,
7564,I,BR,,,,,,,,,,,,,,,,,,,,,,,,,,,,,,
7565,V,UE,,,,,,,,,,,,,,,,,,,,,,,,,,,,,,
7566,V,MP,,,,,,,,,,,,,,,,,,,,,,,,,,,,,,
7567,V,GJ,,,,,,,,,,,,,,,,,,,,,,,,,,,,,,
7568,A,RJ,,,,,,,,,,,,,,,,,,,,,,,,,,,,,,
7569,R,AP,,,,,,,,,,,,,,,,,,,,,,,,,,,,,,
7570,V,UE,,,,,,,,,,,,,,,,,,,,,,,,,,,,,,
7571,V,UE,,,,,,,,,,,,,,,,,,,,,,,,,,,,,,
7572,V,**,,,,,,,,,,,,,,,,,,,,,,,,,,,,,,
7573,V,GJ,,,,,,,,,,,,,,,,,,,,,,,,,,,,,,
7574,V,GJ,,,,,,,,,,,,,,,,,,,,,,,,,,,,,,
7575,V,**,,,,,,,,,,,,,,,,,,,,,,,,,,,,,,
7576,V,AS,,,,,,,,,,,,,,,,,,,,,,,,,,,,,,
7577,V,AS,,,,,,,,,,,,,,,,,,,,,,,,,,,,,,
7578,V,AS,,,,,,,,,,,,,,,,,,,,,,,,,,,,,,
7579,B,UW,,,,,,,,,,,,,,,,,,,,,,,,,,,,,,
7580,V,MP,,,,,,,,,,,,,,,,,,,,,,,,,,,,,,
7581,V,MP,,,,,,,,,,,,,,,,,,,,,,,,,,,,,,
7582,V,MP,,,,,,,,,,,,,,,,,,,,,,,,,,,,,,
7583,*,**,,,,,,,,,,,,,,,,,,,,,,,,,,,,,,
7584,A,WB,,,,,,,,,,,,,,,,,,,,,,,,,,,,,,
7585,A,WB,,,,,,,,,,,,,,,,,,,,,,,,,,,,,,
7586,A,WB,,,,,,,,,,,,,,,,,,,,,,,,,,,,,,
7587,B,MP,,,,,,,,,,,,,,,,,,,,,,,,,,,,,,
7588,B,MH,,,,,,,,,,,,,,,,,,,,,,,,,,,,,,
7589,B,PB,,,,,,,,,,,,,,,,,,,,,,,,,,,,,,
7590,$,$$,,,,,,,,,,,,,,,,,,,,,,,,,,,,,,
7591,$,$$,,,,,,,,,,,,,,,,,,,,,,,,,,,,,,
7592,$,$$,,,,,,,,,,,,,,,,,,,,,,,,,,,,,,
7593,$,$$,,,,,,,,,,,,,,,,,,,,,,,,,,,,,,
7594,$,$$,,,,,,,,,,,,,,,,,,,,,,,,,,,,,,
7595,$,$$,,,,,,,,,,,,,,,,,,,,,,,,,,,,,,
7596,$,$$,,,,,,,,,,,,,,,,,,,,,,,,,,,,,,
7597,B,RJ,,,,,,,,,,,,,,,,,,,,,,,,,,,,,,
7598,B,TN,,,,,,,,,,,,,,,,,,,,,,,,,,,,,,
7599,B,UW,,,,,,,,,,,,,,,,,,,,,,,,,,,,,,
7600,A,GJ,,,,,,,,,,,,,,,,,,,,,,,,,,,,,,
7601,R,TN,,,,,,,,,,,,,,,,,,,,,,,,,,,,,,
7602,A,WB,,,,,,,,,,,,,,,,,,,,,,,,,,,,,,
7603,R,TN,,,,,,,,,,,,,,,,,,,,,,,,,,,,,,
7604,R,TN,,,,,,,,,,,,,,,,,,,,,,,,,,,,,,
7605,$,$$,,,,,,,,,,,,,,,,,,,,,,,,,,,,,,
7606,$,$$,,,,,,,,,,,,,,,,,,,,,,,,,,,,,,
7607,A,UE,,,,,,,,,,,,,,,,,,,,,,,,,,,,,,
7608,$,$$,,,,,,,,,,,,,,,,,,,,,,,,,,,,,,
7609,$,$$,,,,,,,,,,,,,,,,,,,,,,,,,,,,,,
7610,C,RJ,,,,,,,,,,,,,,,,,,,,,,,,,,,,,,
7611,C,RJ,,,,,,,,,,,,,,,,,,,,,,,,,,,,,,
7612,$,$$,,,,,,,,,,,,,,,,,,,,,,,,,,,,,,
7613,$,$$,,,,,,,,,,,,,,,,,,,,,,,,,,,,,,
7614,$,$$,,,,,,,,,,,,,,,,,,,,,,,,,,,,,,
7615,C,RJ,,,,,,,,,,,,,,,,,,,,,,,,,,,,,,
7616,$,$$,,,,,,,,,,,,,,,,,,,,,,,,,,,,,,
7617,*,**,,,,,,,,,,,,,,,,,,,,,,,,,,,,,,
7618,I,UE,,,,,,,,,,,,,,,,,,,,,,,,,,,,,,
7619,*,**,,,,,,,,,,,,,,,,,,,,,,,,,,,,,,
7620,R,MH,,,,,,,,,,,,,,,,,,,,,,,,,,,,,,
7621,I,GJ,,,,,,,,,,,,,,,,,,,,,,,,,,,,,,
7622,I,GJ,,,,,,,,,,,,,,,,,,,,,,,,,,,,,,
7623,I,GJ,,,,,,,,,,,,,,,,,,,,,,,,,,,,,,
7624,I,GJ,,,,,,,,,,,,,,,,,,,,,,,,,,,,,,
7625,$,$$,,,,,,,,,,,,,,,,,,,,,,,,,,,,,,
7626,$,$$,,,,,,,,,,,,,,,,,,,,,,,,,,,,,,
7627,$,$$,,,,,,,,,,,,,,,,,,,,,,,,,,,,,,
7628,$,$$,,,,,,,,,,,,,,,,,,,,,,,,,,,,,,
7629,$,$$,,,,,,,,,,,,,,,,,,,,,,,,,,,,,,
7630,$,$$,,,,,,,,,,,,,,,,,,,,,,,,,,,,,,
7631,V,BR,,,,,,,,,,,,,,,,,,,,,,,,,,,,,,
7632,$,$$,,,,,,,,,,,,,,,,,,,,,,,,,,,,,,
7633,$,$$,,,,,,,,,,,,,,,,,,,,,,,,,,,,,,
7634,$,$$,,,,,,,,,,,,,,,,,,,,,,,,,,,,,,
7635,$,$$,,,,,,,,,,,,,,,,,,,,,,,,,,,,,,
7636,$,$$,,,,,,,,,,,,,,,,,,,,,,,,,,,,,,
7637,$,$$,,,,,,,,,,,,,,,,,,,,,,,,,,,,,,
7638,$,$$,,,,,,,,,,,,,,,,,,,,,,,,,,,,,,
7639,V,TN,,,,,,,,,,,,,,,,,,,,,,,,,,,,,,
7640,$,$$,,,,,,,,,,,,,,,,,,,,,,,,,,,,,,
7641,$,$$,,,,,,,,,,,,,,,,,,,,,,,,,,,,,,
7642,$,$$,,,,,,,,,,,,,,,,,,,,,,,,,,,,,,
7643,$,$$,,,,,,,,,,,,,,,,,,,,,,,,,,,,,,
7644,$,$$,,,,,,,,,,,,,,,,,,,,,,,,,,,,,,
7645,$,$$,,,,,,,,,,,,,,,,,,,,,,,,,,,,,,
7646,$,$$,,,,,,,,,,,,,,,,,,,,,,,,,,,,,,
7647,$,$$,,,,,,,,,,,,,,,,,,,,,,,,,,,,,,
7648,$,$$,,,,,,,,,,,,,,,,,,,,,,,,,,,,,,
7649,$,$$,,,,,,,,,,,,,,,,,,,,,,,,,,,,,,
7650,$,$$,,,,,,,,,,,,,,,,,,,,,,,,,,,,,,
7651,$,$$,,,,,,,,,,,,,,,,,,,,,,,,,,,,,,
7652,$,$$,,,,,,,,,,,,,,,,,,,,,,,,,,,,,,
7653,$,$$,,,,,,,,,,,,,,,,,,,,,,,,,,,,,,
7654,I,BR,,,,,,,,,,,,,,,,,,,,,,,,,,,,,,
7655,$,$$,,,,,,,,,,,,,,,,,,,,,,,,,,,,,,
7656,$,$$,,,,,,,,,,,,,,,,,,,,,,,,,,,,,,
7657,$,$$,,,,,,,,,,,,,,,,,,,,,,,,,,,,,,
7658,I,AP,,,,,,,,,,,,,,,,,,,,,,,,,,,,,,
7659,I,AP,,,,,,,,,,,,,,,,,,,,,,,,,,,,,,
7660,I,AP,,,,,,,,,,,,,,,,,,,,,,,,,,,,,,
7661,I,AP,,,,,,,,,,,,,,,,,,,,,,,,,,,,,,
7662,$,$$,,,,,,,,,,,,,,,,,,,,,,,,,,,,,,
7663,$,$$,,,,,,,,,,,,,,,,,,,,,,,,,,,,,,
7664,$,$$,,,,,,,,,,,,,,,,,,,,,,,,,,,,,,
7665,V,RJ,,,,,,,,,,,,,,,,,,,,,,,,,,,,,,
7666,R,MU,,,,,,,,,,,,,,,,,,,,,,,,,,,,,,
7667,R,TN,,,,,,,,,,,,,,,,,,,,,,,,,,,,,,
7668,R,UE,,,,,,,,,,,,,,,,,,,,,,,,,,,,,,
7669,R,UW,,,,,,,,,,,,,,,,,,,,,,,,,,,,,,
7670,R,AP,,,,,,,,,,,,,,,,,,,,,,,,,,,,,,
7671,R,AP,,,,,,,,,,,,,,,,,,,,,,,,,,,,,,
7672,R,AP,,,,,,,,,,,,,,,,,,,,,,,,,,,,,,
7673,*,AP,,,,,,,,,,,,,,,,,,,,,,,,,,,,,,
7674,A,AP,,,,,,,,,,,,,,,,,,,,,,,,,,,,,,
7675,A,AP,,,,,,,,,,,,,,,,,,,,,,,,,,,,,,
7676,R,KN,,,,,,,,,,,,,,,,,,,,,,,,,,,,,,
7677,R,BR,,,,,,,,,,,,,,,,,,,,,,,,,,,,,,
7678,*,**,,,,,,,,,,,,,,,,,,,,,,,,,,,,,,
7679,R,WB,,,,,,,,,,,,,,,,,,,,,,,,,,,,,,
7680,A,AP,,,,,,,,,,,,,,,,,,,,,,,,,,,,,,
7681,A,OR,,,,,,,,,,,,,,,,,,,,,,,,,,,,,,
7682,A,OR,,,,,,,,,,,,,,,,,,,,,,,,,,,,,,
7683,A,OR,,,,,,,,,,,,,,,,,,,,,,,,,,,,,,
7684,A,OR,,,,,,,,,,,,,,,,,,,,,,,,,,,,,,
7685,C,KO,,,,,,,,,,,,,,,,,,,,,,,,,,,,,,
7686,C,KO,,,,,,,,,,,,,,,,,,,,,,,,,,,,,,
7687,C,KO,,,,,,,,,,,,,,,,,,,,,,,,,,,,,,
7688,*,**,,,,,,,,,,,,,,,,,,,,,,,,,,,,,,
7689,I,RJ,,,,,,,,,,,,,,,,,,,,,,,,,,,,,,
7690,I,RJ,,,,,,,,,,,,,,,,,,,,,,,,,,,,,,
7691,I,**,,,,,,,,,,,,,,,,,,,,,,,,,,,,,,
7692,I,MP,,,,,,,,,,,,,,,,,,,,,,,,,,,,,,
7693,I,MP,,,,,,,,,,,,,,,,,,,,,,,,,,,,,,
7694,I,MP,,,,,,,,,,,,,,,,,,,,,,,,,,,,,,
7695,R,TN,,,,,,,,,,,,,,,,,,,,,,,,,,,,,,
7696,T,PB,,,,,,,,,,,,,,,,,,,,,,,,,,,,,,
7697,I,MP,,,,,,,,,,,,,,,,,,,,,,,,,,,,,,
7698,I,GJ,,,,,,,,,,,,,,,,,,,,,,,,,,,,,,
7699,I,WB,,,,,,,,,,,,,,,,,,,,,,,,,,,,,,
7700,$,$$,,,,,,,,,,,,,,,,,,,,,,,,,,,,,,
7701,$,$$,,,,,,,,,,,,,,,,,,,,,,,,,,,,,,
7702,A,AP,,,,,,,,,,,,,,,,,,,,,,,,,,,,,,
7703,V,UE,,,,,,,,,,,,,,,,,,,,,,,,,,,,,,
7704,V,UE,,,,,,,,,,,,,,,,,,,,,,,,,,,,,,
7705,V,UE,,,,,,,,,,,,,,,,,,,,,,,,,,,,,,
7706,V,UE,,,,,,,,,,,,,,,,,,,,,,,,,,,,,,
7707,-,--,,,,,,,,,,,,,,,,,,,,,,,,,,,,,,
7708,A,TN,,,,,,,,,,,,,,,,,,,,,,,,,,,,,,
7709,A,MH,,,,,,,,,,,,,,,,,,,,,,,,,,,,,,
7710,A,MU,,,,,,,,,,,,,,,,,,,,,,,,,,,,,,
7711,-,--,,,,,,,,,,,,,,,,,,,,,,,,,,,,,,
7712,$,$$,,,,,,,,,,,,,,,,,,,,,,,,,,,,,,
7713,$,$$,,,,,,,,,,,,,,,,,,,,,,,,,,,,,,
7714,$,$$,,,,,,,,,,,,,,,,,,,,,,,,,,,,,,
7715,A,MU,,,,,,,,,,,,,,,,,,,,,,,,,,,,,,
7716,$,$$,,,,,,,,,,,,,,,,,,,,,,,,,,,,,,
7717,-,--,,,,,,,,,,,,,,,,,,,,,,,,,,,,,,
7718,A,MU,,,,,,,,,,,,,,,,,,,,,,,,,,,,,,
7719,I,MH,,,,,,,,,,,,,,,,,,,,,,,,,,,,,,
7720,I,MH,,,,,,,,,,,,,,,,,,,,,,,,,,,,,,
7721,I,MH,,,,,,,,,,,,,,,,,,,,,,,,,,,,,,
7722,*,**,,,,,,,,,,,,,,,,,,,,,,,,,,,,,,
7723,R,MP,,,,,,,,,,,,,,,,,,,,,,,,,,,,,,
7724,R,MP,,,,,,,,,,,,,,,,,,,,,,,,,,,,,,
7725,*,**,,,,,,,,,,,,,,,,,,,,,,,,,,,,,,
7726,A,RJ,,,,,,,,,,,,,,,,,,,,,,,,,,,,,,
7727,A,RJ,,,,,,,,,,,,,,,,,,,,,,,,,,,,,,
7728,A,RJ,,,,,,,,,,,,,,,,,,,,,,,,,,,,,,
7729,I,AP,,,,,,,,,,,,,,,,,,,,,,,,,,,,,,
7730,I,AP,,,,,,,,,,,,,,,,,,,,,,,,,,,,,,
7731,I,AP,,,,,,,,,,,,,,,,,,,,,,,,,,,,,,
7732,I,**,,,,,,,,,,,,,,,,,,,,,,,,,,,,,,
7733,I,RJ,,,,,,,,,,,,,,,,,,,,,,,,,,,,,,
7734,I,RJ,,,,,,,,,,,,,,,,,,,,,,,,,,,,,,
7735,R,OR,,,,,,,,,,,,,,,,,,,,,,,,,,,,,,
7736,T,KL,,,,,,,,,,,,,,,,,,,,,,,,,,,,,,
7737,T,RJ,,,,,,,,,,,,,,,,,,,,,,,,,,,,,,
7738,A,MU,,,,,,,,,,,,,,,,,,,,,,,,,,,,,,
7739,A,BR,,,,,,,,,,,,,,,,,,,,,,,,,,,,,,
7740,I,RJ,,,,,,,,,,,,,,,,,,,,,,,,,,,,,,
7741,I,MH,,,,,,,,,,,,,,,,,,,,,,,,,,,,,,
7742,A,RJ,,,,,,,,,,,,,,,,,,,,,,,,,,,,,,
7743,I,MH,,,,,,,,,,,,,,,,,,,,,,,,,,,,,,
7744,I,MH,,,,,,,,,,,,,,,,,,,,,,,,,,,,,,
7745,I,**,,,,,,,,,,,,,,,,,,,,,,,,,,,,,,
7746,I,MP,,,,,,,,,,,,,,,,,,,,,,,,,,,,,,
7747,I,MP,,,,,,,,,,,,,,,,,,,,,,,,,,,,,,
7748,I,MP,,,,,,,,,,,,,,,,,,,,,,,,,,,,,,
7749,A,OR,,,,,,,,,,,,,,,,,,,,,,,,,,,,,,
7750,A,OR,,,,,,,,,,,,,,,,,,,,,,,,,,,,,,
7751,A,OR,,,,,,,,,,,,,,,,,,,,,,,,,,,,,,
7752,A,**,,,,,,,,,,,,,,,,,,,,,,,,,,,,,,
7753,A,UE,,,,,,,,,,,,,,,,,,,,,,,,,,,,,,
7754,A,UE,,,,,,,,,,,,,,,,,,,,,,,,,,,,,,
7755,A,**,,,,,,,,,,,,,,,,,,,,,,,,,,,,,,
7756,A,MH,,,,,,,,,,,,,,,,,,,,,,,,,,,,,,
7757,A,MH,,,,,,,,,,,,,,,,,,,,,,,,,,,,,,
7758,A,MH,,,,,,,,,,,,,,,,,,,,,,,,,,,,,,
7759,A,BR,,,,,,,,,,,,,,,,,,,,,,,,,,,,,,
7760,A,KN,,,,,,,,,,,,,,,,,,,,,,,,,,,,,,
7761,A,BR,,,,,,,,,,,,,,,,,,,,,,,,,,,,,,
7762,A,BR,,,,,,,,,,,,,,,,,,,,,,,,,,,,,,
7763,A,BR,,,,,,,,,,,,,,,,,,,,,,,,,,,,,,
7764,A,BR,,,,,,,,,,,,,,,,,,,,,,,,,,,,,,
7765,A,BR,,,,,,,,,,,,,,,,,,,,,,,,,,,,,,
7766,A,BR,,,,,,,,,,,,,,,,,,,,,,,,,,,,,,
7767,V,MH,,,,,,,,,,,,,,,,,,,,,,,,,,,,,,
7768,V,MH,,,,,,,,,,,,,,,,,,,,,,,,,,,,,,
7769,V,MH,,,,,,,,,,,,,,,,,,,,,,,,,,,,,,
7770,*,**,,,,,,,,,,,,,,,,,,,,,,,,,,,,,,
7771,I,MP,,,,,,,,,,,,,,,,,,,,,,,,,,,,,,
7772,I,MP,,,,,,,,,,,,,,,,,,,,,,,,,,,,,,
7773,I,**,,,,,,,,,,,,,,,,,,,,,,,,,,,,,,
7774,I,MH,,,,,,,,,,,,,,,,,,,,,,,,,,,,,,
7775,I,MH,,,,,,,,,,,,,,,,,,,,,,,,,,,,,,
7776,I,MH,,,,,,,,,,,,,,,,,,,,,,,,,,,,,,
7777,U,GJ,,,,,,,,,,,,,,,,,,,,,,,,,,,,,,
7778,U,GJ,,,,,,,,,,,,,,,,,,,,,,,,,,,,,,
7779,*,**,,,,,,,,,,,,,,,,,,,,,,,,,,,,,,
7780,$,$$,,,,,,,,,,,,,,,,,,,,,,,,,,,,,,
7781,A,BR,,,,,,,,,,,,,,,,,,,,,,,,,,,,,,
7782,A,BR,,,,,,,,,,,,,,,,,,,,,,,,,,,,,,
7783,*,**,,,,,,,,,,,,,,,,,,,,,,,,,,,,,,
7784,C,UE,,,,,,,,,,,,,,,,,,,,,,,,,,,,,,
7785,C,UE,,,,,,,,,,,,,,,,,,,,,,,,,,,,,,
7786,C,UE,,,,,,,,,,,,,,,,,,,,,,,,,,,,,,
7787,I,OR,,,,,,,,,,,,,,,,,,,,,,,,,,,,,,
7788,I,OR,,,,,,,,,,,,,,,,,,,,,,,,,,,,,,
7789,I,OR,,,,,,,,,,,,,,,,,,,,,,,,,,,,,,
7790,*,**,,,,,,,,,,,,,,,,,,,,,,,,,,,,,,
7791,C,RJ,,,,,,,,,,,,,,,,,,,,,,,,,,,,,,
7792,C,RJ,,,,,,,,,,,,,,,,,,,,,,,,,,,,,,
7793,*,**,,,,,,,,,,,,,,,,,,,,,,,,,,,,,,
7794,U,AP,,,,,,,,,,,,,,,,,,,,,,,,,,,,,,
7795,T,KN,,,,,,,,,,,,,,,,,,,,,,,,,,,,,,
7796,T,DL,,,,,,,,,,,,,,,,,,,,,,,,,,,,,,
7797,V,WB,,,,,,,,,,,,,,,,,,,,,,,,,,,,,,
7798,V,MH,,,,,,,,,,,,,,,,,,,,,,,,,,,,,,
7799,V,AP,,,,,,,,,,,,,,,,,,,,,,,,,,,,,,
7800,V,UE,,,,,,,,,,,,,,,,,,,,,,,,,,,,,,
7801,U,**,,,,,,,,,,,,,,,,,,,,,,,,,,,,,,
7802,U,GJ,,,,,,,,,,,,,,,,,,,,,,,,,,,,,,
7803,R,MP,,,,,,,,,,,,,,,,,,,,,,,,,,,,,,
7804,R,MP,,,,,,,,,,,,,,,,,,,,,,,,,,,,,,
7805,R,MP,,,,,,,,,,,,,,,,,,,,,,,,,,,,,,
7806,R,**,,,,,,,,,,,,,,,,,,,,,,,,,,,,,,
7807,A,HP,,,,,,,,,,,,,,,,,,,,,,,,,,,,,,
7808,Q,BR,,,,,,,,,,,,,,,,,,,,,,,,,,,,,,
7809,C,OR,,,,,,,,,,,,,,,,,,,,,,,,,,,,,,
7810,R,TN,,,,,,,,,,,,,,,,,,,,,,,,,,,,,,
7811,R,TN,,,,,,,,,,,,,,,,,,,,,,,,,,,,,,
7812,R,**,,,,,,,,,,,,,,,,,,,,,,,,,,,,,,
7813,R,KN,,,,,,,,,,,,,,,,,,,,,,,,,,,,,,
7814,R,PB,,,,,,,,,,,,,,,,,,,,,,,,,,,,,,
7815,R,KN,,,,,,,,,,,,,,,,,,,,,,,,,,,,,,
7816,R,KN,,,,,,,,,,,,,,,,,,,,,,,,,,,,,,
7817,R,GJ,,,,,,,,,,,,,,,,,,,,,,,,,,,,,,
7818,R,GJ,,,,,,,,,,,,,,,,,,,,,,,,,,,,,,
7819,R,GJ,,,,,,,,,,,,,,,,,,,,,,,,,,,,,,
7820,R,**,,,,,,,,,,,,,,,,,,,,,,,,,,,,,,
7821,R,RJ,,,,,,,,,,,,,,,,,,,,,,,,,,,,,,
7822,R,RJ,,,,,,,,,,,,,,,,,,,,,,,,,,,,,,
7823,*,**,,,,,,,,,,,,,,,,,,,,,,,,,,,,,,
7824,V,CH,,,,,,,,,,,,,,,,,,,,,,,,,,,,,,
7825,V,CH,,,,,,,,,,,,,,,,,,,,,,,,,,,,,,
7826,V,CH,,,,,,,,,,,,,,,,,,,,,,,,,,,,,,
7827,R,DL,,,,,,,,,,,,,,,,,,,,,,,,,,,,,,
7828,R,MP,,,,,,,,,,,,,,,,,,,,,,,,,,,,,,
7829,V,KN,,,,,,,,,,,,,,,,,,,,,,,,,,,,,,
7830,V,UW,,,,,,,,,,,,,,,,,,,,,,,,,,,,,,
7831,V,HP,,,,,,,,,,,,,,,,,,,,,,,,,,,,,,
7832,V,HP,,,,,,,,,,,,,,,,,,,,,,,,,,,,,,
7833,V,HP,,,,,,,,,,,,,,,,,,,,,,,,,,,,,,
7834,*,**,,,,,,,,,,,,,,,,,,,,,,,,,,,,,,
7835,I,DL,,,,,,,,,,,,,,,,,,,,,,,,,,,,,,
7836,I,DL,,,,,,,,,,,,,,,,,,,,,,,,,,,,,,
7837,V,PB,,,,,,,,,,,,,,,,,,,,,,,,,,,,,,
7838,V,DL,,,,,,,,,,,,,,,,,,,,,,,,,,,,,,
7839,B,UE,,,,,,,,,,,,,,,,,,,,,,,,,,,,,,
7840,*,**,,,,,,,,,,,,,,,,,,,,,,,,,,,,,,
7841,U,MH,,,,,,,,,,,,,,,,,,,,,,,,,,,,,,
7842,T,AP,,,,,,,,,,,,,,,,,,,,,,,,,,,,,,
7843,*,**,,,,,,,,,,,,,,,,,,,,,,,,,,,,,,
7844,C,UE,,,,,,,,,,,,,,,,,,,,,,,,,,,,,,
7845,T,TN,,,,,,,,,,,,,,,,,,,,,,,,,,,,,,
7846,R,KN,,,,,,,,,,,,,,,,,,,,,,,,,,,,,,
7847,R,KN,,,,,,,,,,,,,,,,,,,,,,,,,,,,,,
7848,R,KN,,,,,,,,,,,,,,,,,,,,,,,,,,,,,,
7849,R,**,,,,,,,,,,,,,,,,,,,,,,,,,,,,,,
7850,R,UE,,,,,,,,,,,,,,,,,,,,,,,,,,,,,,
7851,R,UE,,,,,,,,,,,,,,,,,,,,,,,,,,,,,,
7852,R,**,,,,,,,,,,,,,,,,,,,,,,,,,,,,,,
7853,R,OR,,,,,,,,,,,,,,,,,,,,,,,,,,,,,,
7854,R,OR,,,,,,,,,,,,,,,,,,,,,,,,,,,,,,
7855,R,OR,,,,,,,,,,,,,,,,,,,,,,,,,,,,,,
7856,R,BR,,,,,,,,,,,,,,,,,,,,,,,,,,,,,,
7857,R,BR,,,,,,,,,,,,,,,,,,,,,,,,,,,,,,
7858,R,BR,,,,,,,,,,,,,,,,,,,,,,,,,,,,,,
7859,R,**,,,,,,,,,,,,,,,,,,,,,,,,,,,,,,
7860,I,UE,,,,,,,,,,,,,,,,,,,,,,,,,,,,,,
7861,R,DL,,,,,,,,,,,,,,,,,,,,,,,,,,,,,,
7862,R,DL,,,,,,,,,,,,,,,,,,,,,,,,,,,,,,
7863,R,**,,,,,,,,,,,,,,,,,,,,,,,,,,,,,,
7864,R,WB,,,,,,,,,,,,,,,,,,,,,,,,,,,,,,
7865,R,WB,,,,,,,,,,,,,,,,,,,,,,,,,,,,,,
7866,R,WB,,,,,,,,,,,,,,,,,,,,,,,,,,,,,,
7867,V,TN,,,,,,,,,,,,,,,,,,,,,,,,,,,,,,
7868,V,TN,,,,,,,,,,,,,,,,,,,,,,,,,,,,,,
7869,A,MP,,,,,,,,,,,,,,,,,,,,,,,,,,,,,,
7870,U,BR,,,,,,,,,,,,,,,,,,,,,,,,,,,,,,
7871,U,TN,,,,,,,,,,,,,,,,,,,,,,,,,,,,,,
7872,V,WB,,,,,,,,,,,,,,,,,,,,,,,,,,,,,,
7873,V,OR,,,,,,,,,,,,,,,,,,,,,,,,,,,,,,
7874,V,GJ,,,,,,,,,,,,,,,,,,,,,,,,,,,,,,
7875,V,MH,,,,,,,,,,,,,,,,,,,,,,,,,,,,,,
7876,R,HR,,,,,,,,,,,,,,,,,,,,,,,,,,,,,,
7877,R,RJ,,,,,,,,,,,,,,,,,,,,,,,,,,,,,,
7878,R,GJ,,,,,,,,,,,,,,,,,,,,,,,,,,,,,,
7879,R,MP,,,,,,,,,,,,,,,,,,,,,,,,,,,,,,
7880,-,--,,,,,,,,,,,,,,,,,,,,,,,,,,,,,,
7881,-,--,,,,,,,,,,,,,,,,,,,,,,,,,,,,,,
7882,$,$$,,,,,,,,,,,,,,,,,,,,,,,,,,,,,,
7883,$,$$,,,,,,,,,,,,,,,,,,,,,,,,,,,,,,
7884,$,$$,,,,,,,,,,,,,,,,,,,,,,,,,,,,,,
7885,-,--,,,,,,,,,,,,,,,,,,,,,,,,,,,,,,
7886,$,$$,,,,,,,,,,,,,,,,,,,,,,,,,,,,,,
7887,-,--,,,,,,,,,,,,,,,,,,,,,,,,,,,,,,
7888,-,--,,,,,,,,,,,,,,,,,,,,,,,,,,,,,,
7889,-,--,,,,,,,,,,,,,,,,,,,,,,,,,,,,,,
7890,I,KO,,,,,,,,,,,,,,,,,,,,,,,,,,,,,,
7891,I,RJ,,,,,,,,,,,,,,,,,,,,,,,,,,,,,,
7892,-,--,,,,,,,,,,,,,,,,,,,,,,,,,,,,,,
7893,A,AP,,,,,,,,,,,,,,,,,,,,,,,,,,,,,,
7894,A,OR,,,,,,,,,,,,,,,,,,,,,,,,,,,,,,
7895,A,UW,,,,,,,,,,,,,,,,,,,,,,,,,,,,,,
7896,A,AS,,,,,,,,,,,,,,,,,,,,,,,,,,,,,,
7897,A,UE,,,,,,,,,,,,,,,,,,,,,,,,,,,,,,
7898,A,MP,,,,,,,,,,,,,,,,,,,,,,,,,,,,,,
7899,U,KN,,,,,,,,,,,,,,,,,,,,,,,,,,,,,,
7900,-,--,,,,,,,,,,,,,,,,,,,,,,,,,,,,,,
7901,-,--,,,,,,,,,,,,,,,,,,,,,,,,,,,,,,
7902,-,--,,,,,,,,,,,,,,,,,,,,,,,,,,,,,,
7903,-,--,,,,,,,,,,,,,,,,,,,,,,,,,,,,,,
7904,-,--,,,,,,,,,,,,,,,,,,,,,,,,,,,,,,
7905,-,--,,,,,,,,,,,,,,,,,,,,,,,,,,,,,,
7906,-,--,,,,,,,,,,,,,,,,,,,,,,,,,,,,,,
7907,-,--,,,,,,,,,,,,,,,,,,,,,,,,,,,,,,
7908,-,--,,,,,,,,,,,,,,,,,,,,,,,,,,,,,,
7909,-,--,,,,,,,,,,,,,,,,,,,,,,,,,,,,,,
7910,-,--,,,,,,,,,,,,,,,,,,,,,,,,,,,,,,
7911,-,--,,,,,,,,,,,,,,,,,,,,,,,,,,,,,,
7912,-,--,,,,,,,,,,,,,,,,,,,,,,,,,,,,,,
7913,-,--,,,,,,,,,,,,,,,,,,,,,,,,,,,,,,
7914,-,--,,,,,,,,,,,,,,,,,,,,,,,,,,,,,,
7915,-,--,,,,,,,,,,,,,,,,,,,,,,,,,,,,,,
7916,-,--,,,,,,,,,,,,,,,,,,,,,,,,,,,,,,
7917,-,--,,,,,,,,,,,,,,,,,,,,,,,,,,,,,,
7918,-,--,,,,,,,,,,,,,,,,,,,,,,,,,,,,,,
7919,-,--,,,,,,,,,,,,,,,,,,,,,,,,,,,,,,
7920,$,$$,,,,,,,,,,,,,,,,,,,,,,,,,,,,,,
7921,$,$$,,,,,,,,,,,,,,,,,,,,,,,,,,,,,,
7922,$,$$,,,,,,,,,,,,,,,,,,,,,,,,,,,,,,
7923,$,$$,,,,,,,,,,,,,,,,,,,,,,,,,,,,,,
7924,$,$$,,,,,,,,,,,,,,,,,,,,,,,,,,,,,,
7925,$,$$,,,,,,,,,,,,,,,,,,,,,,,,,,,,,,
7926,$,$$,,,,,,,,,,,,,,,,,,,,,,,,,,,,,,
7927,$,$$,,,,,,,,,,,,,,,,,,,,,,,,,,,,,,
7928,$,$$,,,,,,,,,,,,,,,,,,,,,,,,,,,,,,
7929,$,$$,,,,,,,,,,,,,,,,,,,,,,,,,,,,,,
7930,$,$$,,,,,,,,,,,,,,,,,,,,,,,,,,,,,,
7931,$,$$,,,,,,,,,,,,,,,,,,,,,,,,,,,,,,
7932,$,$$,,,,,,,,,,,,,,,,,,,,,,,,,,,,,,
7933,$,$$,,,,,,,,,,,,,,,,,,,,,,,,,,,,,,
7934,$,$$,,,,,,,,,,,,,,,,,,,,,,,,,,,,,,
7935,$,$$,,,,,,,,,,,,,,,,,,,,,,,,,,,,,,
7936,$,$$,,,,,,,,,,,,,,,,,,,,,,,,,,,,,,
7937,$,$$,,,,,,,,,,,,,,,,,,,,,,,,,,,,,,
7938,$,$$,,,,,,,,,,,,,,,,,,,,,,,,,,,,,,
7939,$,$$,,,,,,,,,,,,,,,,,,,,,,,,,,,,,,
7940,$,$$,,,,,,,,,,,,,,,,,,,,,,,,,,,,,,
7941,$,$$,,,,,,,,,,,,,,,,,,,,,,,,,,,,,,
7942,$,$$,,,,,,,,,,,,,,,,,,,,,,,,,,,,,,
7943,$,$$,,,,,,,,,,,,,,,,,,,,,,,,,,,,,,
7944,$,$$,,,,,,,,,,,,,,,,,,,,,,,,,,,,,,
7945,$,$$,,,,,,,,,,,,,,,,,,,,,,,,,,,,,,
7946,$,$$,,,,,,,,,,,,,,,,,,,,,,,,,,,,,,
7947,$,$$,,,,,,,,,,,,,,,,,,,,,,,,,,,,,,
7948,$,$$,,,,,,,,,,,,,,,,,,,,,,,,,,,,,,
7949,$,$$,,,,,,,,,,,,,,,,,,,,,,,,,,,,,,
7950,-,--,,,,,,,,,,,,,,,,,,,,,,,,,,,,,,
7951,-,--,,,,,,,,,,,,,,,,,,,,,,,,,,,,,,
7952,-,--,,,,,,,,,,,,,,,,,,,,,,,,,,,,,,
7953,-,--,,,,,,,,,,,,,,,,,,,,,,,,,,,,,,
7954,-,--,,,,,,,,,,,,,,,,,,,,,,,,,,,,,,
7955,-,--,,,,,,,,,,,,,,,,,,,,,,,,,,,,,,
7956,-,--,,,,,,,,,,,,,,,,,,,,,,,,,,,,,,
7957,-,--,,,,,,,,,,,,,,,,,,,,,,,,,,,,,,
7958,-,--,,,,,,,,,,,,,,,,,,,,,,,,,,,,,,
7959,-,--,,,,,,,,,,,,,,,,,,,,,,,,,,,,,,
7960,$,$$,,,,,,,,,,,,,,,,,,,,,,,,,,,,,,
7961,$,$$,,,,,,,,,,,,,,,,,,,,,,,,,,,,,,
7962,$,$$,,,,,,,,,,,,,,,,,,,,,,,,,,,,,,
7963,$,$$,,,,,,,,,,,,,,,,,,,,,,,,,,,,,,
7964,$,$$,,,,,,,,,,,,,,,,,,,,,,,,,,,,,,
7965,$,$$,,,,,,,,,,,,,,,,,,,,,,,,,,,,,,
7966,$,$$,,,,,,,,,,,,,,,,,,,,,,,,,,,,,,
7967,$,$$,,,,,,,,,,,,,,,,,,,,,,,,,,,,,,
7968,$,$$,,,,,,,,,,,,,,,,,,,,,,,,,,,,,,
7969,$,$$,,,,,,,,,,,,,,,,,,,,,,,,,,,,,,
7970,-,--,,,,,,,,,,,,,,,,,,,,,,,,,,,,,,
7971,-,--,,,,,,,,,,,,,,,,,,,,,,,,,,,,,,
7972,-,--,,,,,,,,,,,,,,,,,,,,,,,,,,,,,,
7973,-,--,,,,,,,,,,,,,,,,,,,,,,,,,,,,,,
7974,-,--,,,,,,,,,,,,,,,,,,,,,,,,,,,,,,
7975,-,--,,,,,,,,,,,,,,,,,,,,,,,,,,,,,,
7976,-,--,,,,,,,,,,,,,,,,,,,,,,,,,,,,,,
7977,-,--,,,,,,,,,,,,,,,,,,,,,,,,,,,,,,
7978,-,--,,,,,,,,,,,,,,,,,,,,,,,,,,,,,,
7979,-,--,,,,,,,,,,,,,,,,,,,,,,,,,,,,,,
7980,-,--,,,,,,,,,,,,,,,,,,,,,,,,,,,,,,
7981,-,--,,,,,,,,,,,,,,,,,,,,,,,,,,,,,,
7982,-,--,,,,,,,,,,,,,,,,,,,,,,,,,,,,,,
7983,-,--,,,,,,,,,,,,,,,,,,,,,,,,,,,,,,
7984,-,--,,,,,,,,,,,,,,,,,,,,,,,,,,,,,,
7985,-,--,,,,,,,,,,,,,,,,,,,,,,,,,,,,,,
7986,-,--,,,,,,,,,,,,,,,,,,,,,,,,,,,,,,
7987,-,--,,,,,,,,,,,,,,,,,,,,,,,,,,,,,,
7988,-,--,,,,,,,,,,,,,,,,,,,,,,,,,,,,,,
7989,-,--,,,,,,,,,,,,,,,,,,,,,,,,,,,,,,
7990,-,--,,,,,,,,,,,,,,,,,,,,,,,,,,,,,,
7991,-,--,,,,,,,,,,,,,,,,,,,,,,,,,,,,,,
7992,-,--,,,,,,,,,,,,,,,,,,,,,,,,,,,,,,
7993,-,--,,,,,,,,,,,,,,,,,,,,,,,,,,,,,,
7994,-,--,,,,,,,,,,,,,,,,,,,,,,,,,,,,,,
7995,-,--,,,,,,,,,,,,,,,,,,,,,,,,,,,,,,
7996,-,--,,,,,,,,,,,,,,,,,,,,,,,,,,,,,,
7997,-,--,,,,,,,,,,,,,,,,,,,,,,,,,,,,,,
7998,-,--,,,,,,,,,,,,,,,,,,,,,,,,,,,,,,
7999,-,--,,,,,,,,,,,,,,,,,,,,,,,,,,,,,,
8000,R,GJ,,,,,,,,,,,,,,,,,,,,,,,,,,,,,,
8001,V,WB,,,,,,,,,,,,,,,,,,,,,,,,,,,,,,
8002,A,BR,,,,,,,,,,,,,,,,,,,,,,,,,,,,,,
8003,A,RJ,,,,,,,,,,,,,,,,,,,,,,,,,,,,,,
8004,B,UE,,,,,,,,,,,,,,,,,,,,,,,,,,,,,,
8005,B,UE,,,,,,,,,,,,,,,,,,,,,,,,,,,,,,
8006,V,UW,,,,,,,,,,,,,,,,,,,,,,,,,,,,,,
8007,V,MH,,,,,,,,,,,,,,,,,,,,,,,,,,,,,,
8008,A,AP,,,,,,,,,,,,,,,,,,,,,,,,,,,,,,
8009,A,UE,,,,,,,,,,,,,,,,,,,,,,,,,,,,,,
8010,R,DL,,,,,,,,,,,,,,,,,,,,,,,,,,,,,,
8011,A,AS,,,,,,,,,,,,,,,,,,,,,,,,,,,,,,
8012,C,TN,,,,,,,,,,,,,,,,,,,,,,,,,,,,,,
8013,C,KO,,,,,,,,,,,,,,,,,,,,,,,,,,,,,,
8014,C,NE,,,,,,,,,,,,,,,,,,,,,,,,,,,,,,
8015,T,TN,,,,,,,,,,,,,,,,,,,,,,,,,,,,,,
8016,A,WB,,,,,,,,,,,,,,,,,,,,,,,,,,,,,,
8017,V,KO,,,,,,,,,,,,,,,,,,,,,,,,,,,,,,
8018,A,OR,,,,,,,,,,,,,,,,,,,,,,,,,,,,,,
8019,T,AP,,,,,,,,,,,,,,,,,,,,,,,,,,,,,,
8020,$,$$,,,,,,,,,,,,,,,,,,,,,,,,,,,,,,
8021,$,$$,,,,,,,,,,,,,,,,,,,,,,,,,,,,,,
8022,$,$$,,,,,,,,,,,,,,,,,,,,,,,,,,,,,,
8023,$,$$,,,,,,,,,,,,,,,,,,,,,,,,,,,,,,
8024,$,$$,,,,,,,,,,,,,,,,,,,,,,,,,,,,,,
8025,$,$$,,,,,,,,,,,,,,,,,,,,,,,,,,,,,,
8026,$,$$,,,,,,,,,,,,,,,,,,,,,,,,,,,,,,
8027,$,$$,,,,,,,,,,,,,,,,,,,,,,,,,,,,,,
8028,$,$$,,,,,,,,,,,,,,,,,,,,,,,,,,,,,,
8029,$,$$,,,,,,,,,,,,,,,,,,,,,,,,,,,,,,
8030,$,$$,,,,,,,,,,,,,,,,,,,,,,,,,,,,,,
8031,$,$$,,,,,,,,,,,,,,,,,,,,,,,,,,,,,,
8032,$,$$,,,,,,,,,,,,,,,,,,,,,,,,,,,,,,
8033,$,$$,,,,,,,,,,,,,,,,,,,,,,,,,,,,,,
8034,$,$$,,,,,,,,,,,,,,,,,,,,,,,,,,,,,,
8035,$,$$,,,,,,,,,,,,,,,,,,,,,,,,,,,,,,
8036,$,$$,,,,,,,,,,,,,,,,,,,,,,,,,,,,,,
8037,$,$$,,,,,,,,,,,,,,,,,,,,,,,,,,,,,,
8038,$,$$,,,,,,,,,,,,,,,,,,,,,,,,,,,,,,
8039,$,$$,,,,,,,,,,,,,,,,,,,,,,,,,,,,,,
8040,$,$$,,,,,,,,,,,,,,,,,,,,,,,,,,,,,,
8041,$,$$,,,,,,,,,,,,,,,,,,,,,,,,,,,,,,
8042,$,$$,,,,,,,,,,,,,,,,,,,,,,,,,,,,,,
8043,$,$$,,,,,,,,,,,,,,,,,,,,,,,,,,,,,,
8044,$,$$,,,,,,,,,,,,,,,,,,,,,,,,,,,,,,
8045,$,$$,,,,,,,,,,,,,,,,,,,,,,,,,,,,,,
8046,$,$$,,,,,,,,,,,,,,,,,,,,,,,,,,,,,,
8047,$,$$,,,,,,,,,,,,,,,,,,,,,,,,,,,,,,
8048,$,$$,,,,,,,,,,,,,,,,,,,,,,,,,,,,,,
8049,$,$$,,,,,,,,,,,,,,,,,,,,,,,,,,,,,,
8050,T,KN,,,,,,,,,,,,,,,,,,,,,,,,,,,,,,
8051,V,BR,,,,,,,,,,,,,,,,,,,,,,,,,,,,,,
8052,V,UE,,,,,,,,,,,,,,,,,,,,,,,,,,,,,,
8053,V,HR,,,,,,,,,,,,,,,,,,,,,,,,,,,,,,
8054,V,PB,,,,,,,,,,,,,,,,,,,,,,,,,,,,,,
8055,R,MH,,,,,,,,,,,,,,,,,,,,,,,,,,,,,,
8056,A,TN,,,,,,,,,,,,,,,,,,,,,,,,,,,,,,
8057,I,UW,,,,,,,,,,,,,,,,,,,,,,,,,,,,,,
8058,I,RJ,,,,,,,,,,,,,,,,,,,,,,,,,,,,,,
8059,I,HR,,,,,,,,,,,,,,,,,,,,,,,,,,,,,,
8060,$,$$,,,,,,,,,,,,,,,,,,,,,,,,,,,,,,
8061,$,$$,,,,,,,,,,,,,,,,,,,,,,,,,,,,,,
8062,$,$$,,,,,,,,,,,,,,,,,,,,,,,,,,,,,,
8063,$,$$,,,,,,,,,,,,,,,,,,,,,,,,,,,,,,
8064,$,$$,,,,,,,,,,,,,,,,,,,,,,,,,,,,,,
8065,$,$$,,,,,,,,,,,,,,,,,,,,,,,,,,,,,,
8066,$,$$,,,,,,,,,,,,,,,,,,,,,,,,,,,,,,
8067,$,$$,,,,,,,,,,,,,,,,,,,,,,,,,,,,,,
8068,$,$$,,,,,,,,,,,,,,,,,,,,,,,,,,,,,,
8069,$,$$,,,,,,,,,,,,,,,,,,,,,,,,,,,,,,
8070,-,--,,,,,,,,,,,,,,,,,,,,,,,,,,,,,,
8071,-,--,,,,,,,,,,,,,,,,,,,,,,,,,,,,,,
8072,-,--,,,,,,,,,,,,,,,,,,,,,,,,,,,,,,
8073,-,--,,,,,,,,,,,,,,,,,,,,,,,,,,,,,,
8074,-,--,,,,,,,,,,,,,,,,,,,,,,,,,,,,,,
8075,-,--,,,,,,,,,,,,,,,,,,,,,,,,,,,,,,
8076,-,--,,,,,,,,,,,,,,,,,,,,,,,,,,,,,,
8077,-,--,,,,,,,,,,,,,,,,,,,,,,,,,,,,,,
8078,-,--,,,,,,,,,,,,,,,,,,,,,,,,,,,,,,
8079,-,--,,,,,,,,,,,,,,,,,,,,,,,,,,,,,,
8080,R,MU,,,,,,,,,,,,,,,,,,,,,,,,,,,,,,
8081,R,UE,,,,,,,,,,,,,,,,,,,,,,,,,,,,,,
8082,L,MU,,,,,,,,,,,,,,,,,,,,,,,,,,,,,,
8083,C,BR,,,,,,,,,,,,,,,,,,,,,,,,,,,,,,
8084,A,BR,,,,,,,,,,,,,,,,,,,,,,,,,,,,,,
8085,A,MP,,,,,,,,,,,,,,,,,,,,,,,,,,,,,,
8086,V,KL,,,,,,,,,,,,,,,,,,,,,,,,,,,,,,
8087,T,MH,,,,,,,,,,,,,,,,,,,,,,,,,,,,,,
8088,R,KN,,,,,,,,,,,,,,,,,,,,,,,,,,,,,,
8089,T,KL,,,,,,,,,,,,,,,,,,,,,,,,,,,,,,
8090,T,UE,,,,,,,,,,,,,,,,,,,,,,,,,,,,,,
8091,T,HP,,,,,,,,,,,,,,,,,,,,,,,,,,,,,,
8092,T,BR,,,,,,,,,,,,,,,,,,,,,,,,,,,,,,
8093,T,OR,,,,,,,,,,,,,,,,,,,,,,,,,,,,,,
8094,V,RJ,,,,,,,,,,,,,,,,,,,,,,,,,,,,,,
8095,V,KN,,,,,,,,,,,,,,,,,,,,,,,,,,,,,,
8096,I,AP,,,,,,,,,,,,,,,,,,,,,,,,,,,,,,
8097,T,MU,,,,,,,,,,,,,,,,,,,,,,,,,,,,,,
8098,V,TN,,,,,,,,,,,,,,,,,,,,,,,,,,,,,,
8099,R,AP,,,,,,,,,,,,,,,,,,,,,,,,,,,,,,
8100,R,KO,,,,,,,,,,,,,,,,,,,,,,,,,,,,,,
8101,R,WB,,,,,,,,,,,,,,,,,,,,,,,,,,,,,,
8102,R,BR,,,,,,,,,,,,,,,,,,,,,,,,,,,,,,
8103,R,MP,,,,,,,,,,,,,,,,,,,,,,,,,,,,,,
8104,y,RJ,,,,,,,,,,,,,,,,,,,,,,,,,,,,,,
8105,A,KN,,,,,,,,,,,,,,,,,,,,,,,,,,,,,,
8106,A,AP,,,,,,,,,,,,,,,,,,,,,,,,,,,,,,
8107,A,RJ,,,,,,,,,,,,,,,,,,,,,,,,,,,,,,
8108,I,MU,,,,,,,,,,,,,,,,,,,,,,,,,,,,,,
8109,T,MP,,,,,,,,,,,,,,,,,,,,,,,,,,,,,,
8110,V,TN,,,,,,,,,,,,,,,,,,,,,,,,,,,,,,
8111,*,**,,,,,,,,,,,,,,,,,,,,,,,,,,,,,,
8112,-,--,,,,,,,,,,,,,,,,,,,,,,,,,,,,,,
8113,I,KL,,,,,,,,,,,,,,,,,,,,,,,,,,,,,,
8114,-,--,,,,,,,,,,,,,,,,,,,,,,,,,,,,,,
8115,U,UE,,,,,,,,,,,,,,,,,,,,,,,,,,,,,,
8116,A,WB,,,,,,,,,,,,,,,,,,,,,,,,,,,,,,
8117,U,OR,,,,,,,,,,,,,,,,,,,,,,,,,,,,,,
8118,*,**,,,,,,,,,,,,,,,,,,,,,,,,,,,,,,
8119,A,NE,,,,,,,,,,,,,,,,,,,,,,,,,,,,,,
8120,I,MP,,,,,,,,,,,,,,,,,,,,,,,,,,,,,,
8121,T,AP,,,,,,,,,,,,,,,,,,,,,,,,,,,,,,
8122,T,TN,,,,,,,,,,,,,,,,,,,,,,,,,,,,,,
8123,T,KN,,,,,,,,,,,,,,,,,,,,,,,,,,,,,,
8124,I,TN,,,,,,,,,,,,,,,,,,,,,,,,,,,,,,
8125,T,AP,,,,,,,,,,,,,,,,,,,,,,,,,,,,,,
8126,A,UW,,,,,,,,,,,,,,,,,,,,,,,,,,,,,,
8127,A,UE,,,,,,,,,,,,,,,,,,,,,,,,,,,,,,
8128,A,GJ,,,,,,,,,,,,,,,,,,,,,,,,,,,,,,
8129,A,KL,,,,,,,,,,,,,,,,,,,,,,,,,,,,,,
8130,A,DL,,,,,,,,,,,,,,,,,,,,,,,,,,,,,,
8131,A,NE,,,,,,,,,,,,,,,,,,,,,,,,,,,,,,
8132,A,NE,,,,,,,,,,,,,,,,,,,,,,,,,,,,,,
8133,A,AS,,,,,,,,,,,,,,,,,,,,,,,,,,,,,,
8134,A,AS,,,,,,,,,,,,,,,,,,,,,,,,,,,,,,
8135,A,AS,,,,,,,,,,,,,,,,,,,,,,,,,,,,,,
8136,A,**,,,,,,,,,,,,,,,,,,,,,,,,,,,,,,
8137,A,KL,,,,,,,,,,,,,,,,,,,,,,,,,,,,,,
8138,A,KL,,,,,,,,,,,,,,,,,,,,,,,,,,,,,,
8139,A,**,,,,,,,,,,,,,,,,,,,,,,,,,,,,,,
8140,I,GJ,,,,,,,,,,,,,,,,,,,,,,,,,,,,,,
8141,V,GJ,,,,,,,,,,,,,,,,,,,,,,,,,,,,,,
8142,V,AP,,,,,,,,,,,,,,,,,,,,,,,,,,,,,,
8143,T,AP,,,,,,,,,,,,,,,,,,,,,,,,,,,,,,
8144,R,TN,,,,,,,,,,,,,,,,,,,,,,,,,,,,,,
8145,V,WB,,,,,,,,,,,,,,,,,,,,,,,,,,,,,,
8146,A,PB,,,,,,,,,,,,,,,,,,,,,,,,,,,,,,
8147,T,KN,,,,,,,,,,,,,,,,,,,,,,,,,,,,,,
8148,T,TN,,,,,,,,,,,,,,,,,,,,,,,,,,,,,,
8149,T,MH,,,,,,,,,,,,,,,,,,,,,,,,,,,,,,
8150,I,KN,,,,,,,,,,,,,,,,,,,,,,,,,,,,,,
8151,I,KN,,,,,,,,,,,,,,,,,,,,,,,,,,,,,,
8152,I,KN,,,,,,,,,,,,,,,,,,,,,,,,,,,,,,
8153,I,GJ,,,,,,,,,,,,,,,,,,,,,,,,,,,,,,
8154,I,GJ,,,,,,,,,,,,,,,,,,,,,,,,,,,,,,
8155,I,GJ,,,,,,,,,,,,,,,,,,,,,,,,,,,,,,
8156,I,**,,,,,,,,,,,,,,,,,,,,,,,,,,,,,,
8157,I,KL,,,,,,,,,,,,,,,,,,,,,,,,,,,,,,
8158,A,WB,,,,,,,,,,,,,,,,,,,,,,,,,,,,,,
8159,A,WB,,,,,,,,,,,,,,,,,,,,,,,,,,,,,,
8160,-,--,,,,,,,,,,,,,,,,,,,,,,,,,,,,,,
8161,-,--,,,,,,,,,,,,,,,,,,,,,,,,,,,,,,
8162,$,$$,,,,,,,,,,,,,,,,,,,,,,,,,,,,,,
8163,$,$$,,,,,,,,,,,,,,,,,,,,,,,,,,,,,,
8164,$,$$,,,,,,,,,,,,,,,,,,,,,,,,,,,,,,
8165,-,--,,,,,,,,,,,,,,,,,,,,,,,,,,,,,,
8166,$,$$,,,,,,,,,,,,,,,,,,,,,,,,,,,,,,
8167,-,--,,,,,,,,,,,,,,,,,,,,,,,,,,,,,,
8168,-,--,,,,,,,,,,,,,,,,,,,,,,,,,,,,,,
8169,-,--,,,,,,,,,,,,,,,,,,,,,,,,,,,,,,
8170,A,WB,,,,,,,,,,,,,,,,,,,,,,,,,,,,,,
8171,A,UW,,,,,,,,,,,,,,,,,,,,,,,,,,,,,,
8172,A,**,,,,,,,,,,,,,,,,,,,,,,,,,,,,,,
8173,A,UE,,,,,,,,,,,,,,,,,,,,,,,,,,,,,,
8174,A,UE,,,,,,,,,,,,,,,,,,,,,,,,,,,,,,
8175,*,UE,,,,,,,,,,,,,,,,,,,,,,,,,,,,,,
8176,T,UE,,,,,,,,,,,,,,,,,,,,,,,,,,,,,,
8177,*,**,,,,,,,,,,,,,,,,,,,,,,,,,,,,,,
8178,-,--,,,,,,,,,,,,,,,,,,,,,,,,,,,,,,
8179,A,AP,,,,,,,,,,,,,,,,,,,,,,,,,,,,,,
8180,U,MH,,,,,,,,,,,,,,,,,,,,,,,,,,,,,,
8181,C,UE,,,,,,,,,,,,,,,,,,,,,,,,,,,,,,
8182,*,**,,,,,,,,,,,,,,,,,,,,,,,,,,,,,,
8183,y,KN,,,,,,,,,,,,,,,,,,,,,,,,,,,,,,
8184,*,**,,,,,,,,,,,,,,,,,,,,,,,,,,,,,,
8185,I,AP,,,,,,,,,,,,,,,,,,,,,,,,,,,,,,
8186,I,AP,,,,,,,,,,,,,,,,,,,,,,,,,,,,,,
8187,*,**,,,,,,,,,,,,,,,,,,,,,,,,,,,,,,
8188,T,UE,,,,,,,,,,,,,,,,,,,,,,,,,,,,,,
8189,*,**,,,,,,,,,,,,,,,,,,,,,,,,,,,,,,
8190,I,TN,,,,,,,,,,,,,,,,,,,,,,,,,,,,,,
8191,I,UW,,,,,,,,,,,,,,,,,,,,,,,,,,,,,,
8192,I,UW,,,,,,,,,,,,,,,,,,,,,,,,,,,,,,
8193,I,UW,,,,,,,,,,,,,,,,,,,,,,,,,,,,,,
8194,I,**,,,,,,,,,,,,,,,,,,,,,,,,,,,,,,
8195,I,PB,,,,,,,,,,,,,,,,,,,,,,,,,,,,,,
8196,I,PB,,,,,,,,,,,,,,,,,,,,,,,,,,,,,,
8197,A,KN,,,,,,,,,,,,,,,,,,,,,,,,,,,,,,
8198,I,**,,,,,,,,,,,,,,,,,,,,,,,,,,,,,,
8199,I,HR,,,,,,,,,,,,,,,,,,,,,,,,,,,,,,
8200,-,--,,,,,,,,,,,,,,,,,,,,,,,,,,,,,,
8201,-,--,,,,,,,,,,,,,,,,,,,,,,,,,,,,,,
8202,$,$$,,,,,,,,,,,,,,,,,,,,,,,,,,,,,,
8203,$,$$,,,,,,,,,,,,,,,,,,,,,,,,,,,,,,
8204,$,$$,,,,,,,,,,,,,,,,,,,,,,,,,,,,,,
8205,-,--,,,,,,,,,,,,,,,,,,,,,,,,,,,,,,
8206,$,$$,,,,,,,,,,,,,,,,,,,,,,,,,,,,,,
8207,-,--,,,,,,,,,,,,,,,,,,,,,,,,,,,,,,
8208,-,--,,,,,,,,,,,,,,,,,,,,,,,,,,,,,,
8209,-,--,,,,,,,,,,,,,,,,,,,,,,,,,,,,,,
8210,-,--,,,,,,,,,,,,,,,,,,,,,,,,,,,,,,
8211,-,--,,,,,,,,,,,,,,,,,,,,,,,,,,,,,,
8212,$,$$,,,,,,,,,,,,,,,,,,,,,,,,,,,,,,
8213,$,$$,,,,,,,,,,,,,,,,,,,,,,,,,,,,,,
8214,$,$$,,,,,,,,,,,,,,,,,,,,,,,,,,,,,,
8215,-,--,,,,,,,,,,,,,,,,,,,,,,,,,,,,,,
8216,$,$$,,,,,,,,,,,,,,,,,,,,,,,,,,,,,,
8217,-,--,,,,,,,,,,,,,,,,,,,,,,,,,,,,,,
8218,-,--,,,,,,,,,,,,,,,,,,,,,,,,,,,,,,
8219,-,--,,,,,,,,,,,,,,,,,,,,,,,,,,,,,,
8220,A,TN,,,,,,,,,,,,,,,,,,,,,,,,,,,,,,
8221,I,HR,,,,,,,,,,,,,,,,,,,,,,,,,,,,,,
8222,I,HR,,,,,,,,,,,,,,,,,,,,,,,,,,,,,,
8223,I,MP,,,,,,,,,,,,,,,,,,,,,,,,,,,,,,
8224,I,MP,,,,,,,,,,,,,,,,,,,,,,,,,,,,,,
8225,I,MP,,,,,,,,,,,,,,,,,,,,,,,,,,,,,,
8226,I,**,,,,,,,,,,,,,,,,,,,,,,,,,,,,,,
8227,I,BR,,,,,,,,,,,,,,,,,,,,,,,,,,,,,,
8228,I,BR,,,,,,,,,,,,,,,,,,,,,,,,,,,,,,
8229,*,**,,,,,,,,,,,,,,,,,,,,,,,,,,,,,,
8230,R,KO,,,,,,,,,,,,,,,,,,,,,,,,,,,,,,
8231,R,KO,,,,,,,,,,,,,,,,,,,,,,,,,,,,,,
8232,R,KO,,,,,,,,,,,,,,,,,,,,,,,,,,,,,,
8233,T,RJ,,,,,,,,,,,,,,,,,,,,,,,,,,,,,,
8234,R,MP,,,,,,,,,,,,,,,,,,,,,,,,,,,,,,
8235,T,BR,,,,,,,,,,,,,,,,,,,,,,,,,,,,,,
8236,R,MP,,,,,,,,,,,,,,,,,,,,,,,,,,,,,,
8237,T,MH,,,,,,,,,,,,,,,,,,,,,,,,,,,,,,
8238,V,GJ,,,,,,,,,,,,,,,,,,,,,,,,,,,,,,
8239,V,RJ,,,,,,,,,,,,,,,,,,,,,,,,,,,,,,
8240,-,--,,,,,,,,,,,,,,,,,,,,,,,,,,,,,,
8241,-,--,,,,,,,,,,,,,,,,,,,,,,,,,,,,,,
8242,$,$$,,,,,,,,,,,,,,,,,,,,,,,,,,,,,,
8243,$,$$,,,,,,,,,,,,,,,,,,,,,,,,,,,,,,
8244,$,$$,,,,,,,,,,,,,,,,,,,,,,,,,,,,,,
8245,-,--,,,,,,,,,,,,,,,,,,,,,,,,,,,,,,
8246,$,$$,,,,,,,,,,,,,,,,,,,,,,,,,,,,,,
8247,-,--,,,,,,,,,,,,,,,,,,,,,,,,,,,,,,
8248,-,--,,,,,,,,,,,,,,,,,,,,,,,,,,,,,,
8249,-,--,,,,,,,,,,,,,,,,,,,,,,,,,,,,,,
8250,-,--,,,,,,,,,,,,,,,,,,,,,,,,,,,,,,
8251,R,MP,,,,,,,,,,,,,,,,,,,,,,,,,,,,,,
8252,R,BR,,,,,,,,,,,,,,,,,,,,,,,,,,,,,,
8253,R,**,,,,,,,,,,,,,,,,,,,,,,,,,,,,,,
8254,R,AS,,,,,,,,,,,,,,,,,,,,,,,,,,,,,,
8255,R,AS,,,,,,,,,,,,,,,,,,,,,,,,,,,,,,
8256,*,**,,,,,,,,,,,,,,,,,,,,,,,,,,,,,,
8257,V,NE,,,,,,,,,,,,,,,,,,,,,,,,,,,,,,
8258,V,NE,,,,,,,,,,,,,,,,,,,,,,,,,,,,,,
8259,V,NE,,,,,,,,,,,,,,,,,,,,,,,,,,,,,,
8260,R,OR,,,,,,,,,,,,,,,,,,,,,,,,,,,,,,
8261,R,HP,,,,,,,,,,,,,,,,,,,,,,,,,,,,,,
8262,R,HP,,,,,,,,,,,,,,,,,,,,,,,,,,,,,,
8263,R,HP,,,,,,,,,,,,,,,,,,,,,,,,,,,,,,
8264,D,GJ,,,,,,,,,,,,,,,,,,,,,,,,,,,,,,
8265,*,**,,,,,,,,,,,,,,,,,,,,,,,,,,,,,,
8266,T,UW,,,,,,,,,,,,,,,,,,,,,,,,,,,,,,
8267,T,UW,,,,,,,,,,,,,,,,,,,,,,,,,,,,,,
8268,D,MU,,,,,,,,,,,,,,,,,,,,,,,,,,,,,,
8269,D,MP,,,,,,,,,,,,,,,,,,,,,,,,,,,,,,
8270,U,OR,,,,,,,,,,,,,,,,,,,,,,,,,,,,,,
8271,U,BR,,,,,,,,,,,,,,,,,,,,,,,,,,,,,,
8272,T,**,,,,,,,,,,,,,,,,,,,,,,,,,,,,,,
8273,U,UW,,,,,,,,,,,,,,,,,,,,,,,,,,,,,,
8274,T,KO,,,,,,,,,,,,,,,,,,,,,,,,,,,,,,
8275,B,MH,,,,,,,,,,,,,,,,,,,,,,,,,,,,,,
8276,T,KO,,,,,,,,,,,,,,,,,,,,,,,,,,,,,,
8277,B,KN,,,,,,,,,,,,,,,,,,,,,,,,,,,,,,
8278,B,HR,,,,,,,,,,,,,,,,,,,,,,,,,,,,,,
8279,B,RJ,,,,,,,,,,,,,,,,,,,,,,,,,,,,,,
8280,B,OR,,,,,,,,,,,,,,,,,,,,,,,,,,,,,,
8281,B,KL,,,,,,,,,,,,,,,,,,,,,,,,,,,,,,
8282,T,KO,,,,,,,,,,,,,,,,,,,,,,,,,,,,,,
8283,A,PB,,,,,,,,,,,,,,,,,,,,,,,,,,,,,,
8284,A,PB,,,,,,,,,,,,,,,,,,,,,,,,,,,,,,
8285,C,DL,,,,,,,,,,,,,,,,,,,,,,,,,,,,,,
8286,C,MU,,,,,,,,,,,,,,,,,,,,,,,,,,,,,,
8287,R,DL,,,,,,,,,,,,,,,,,,,,,,,,,,,,,,
8288,A,PB,,,,,,,,,,,,,,,,,,,,,,,,,,,,,,
8289,*,**,,,,,,,,,,,,,,,,,,,,,,,,,,,,,,
8290,A,RJ,,,,,,,,,,,,,,,,,,,,,,,,,,,,,,
8291,U,MU,,,,,,,,,,,,,,,,,,,,,,,,,,,,,,
8292,A,BR,,,,,,,,,,,,,,,,,,,,,,,,,,,,,,
8293,T,WB,,,,,,,,,,,,,,,,,,,,,,,,,,,,,,
8294,A,BR,,,,,,,,,,,,,,,,,,,,,,,,,,,,,,
8295,A,HR,,,,,,,,,,,,,,,,,,,,,,,,,,,,,,
8296,T,KO,,,,,,,,,,,,,,,,,,,,,,,,,,,,,,
8297,V,AP,,,,,,,,,,,,,,,,,,,,,,,,,,,,,,
8298,V,BR,,,,,,,,,,,,,,,,,,,,,,,,,,,,,,
8299,-,--,,,,,,,,,,,,,,,,,,,,,,,,,,,,,,
8300,B,TN,,,,,,,,,,,,,,,,,,,,,,,,,,,,,,
8301,B,KL,,,,,,,,,,,,,,,,,,,,,,,,,,,,,,
8302,R,RJ,,,,,,,,,,,,,,,,,,,,,,,,,,,,,,
8303,R,UE,,,,,,,,,,,,,,,,,,,,,,,,,,,,,,
8304,B,KL,,,,,,,,,,,,,,,,,,,,,,,,,,,,,,
8305,R,MP,,,,,,,,,,,,,,,,,,,,,,,,,,,,,,
8306,R,GJ,,,,,,,,,,,,,,,,,,,,,,,,,,,,,,
8307,R,UW,,,,,,,,,,,,,,,,,,,,,,,,,,,,,,
8308,I,MH,,,,,,,,,,,,,,,,,,,,,,,,,,,,,,
8309,-,--,,,,,,,,,,,,,,,,,,,,,,,,,,,,,,
8310,-,--,,,,,,,,,,,,,,,,,,,,,,,,,,,,,,
8311,-,--,,,,,,,,,,,,,,,,,,,,,,,,,,,,,,
8312,$,$$,,,,,,,,,,,,,,,,,,,,,,,,,,,,,,
8313,$,$$,,,,,,,,,,,,,,,,,,,,,,,,,,,,,,
8314,$,$$,,,,,,,,,,,,,,,,,,,,,,,,,,,,,,
8315,-,--,,,,,,,,,,,,,,,,,,,,,,,,,,,,,,
8316,$,$$,,,,,,,,,,,,,,,,,,,,,,,,,,,,,,
8317,-,--,,,,,,,,,,,,,,,,,,,,,,,,,,,,,,
8318,-,--,,,,,,,,,,,,,,,,,,,,,,,,,,,,,,
8319,-,--,,,,,,,,,,,,,,,,,,,,,,,,,,,,,,
8320,-,--,,,,,,,,,,,,,,,,,,,,,,,,,,,,,,
8321,-,--,,,,,,,,,,,,,,,,,,,,,,,,,,,,,,
8322,$,$$,,,,,,,,,,,,,,,,,,,,,,,,,,,,,,
8323,$,$$,,,,,,,,,,,,,,,,,,,,,,,,,,,,,,
8324,$,$$,,,,,,,,,,,,,,,,,,,,,,,,,,,,,,
8325,-,--,,,,,,,,,,,,,,,,,,,,,,,,,,,,,,
8326,$,$$,,,,,,,,,,,,,,,,,,,,,,,,,,,,,,
8327,-,--,,,,,,,,,,,,,,,,,,,,,,,,,,,,,,
8328,-,--,,,,,,,,,,,,,,,,,,,,,,,,,,,,,,
8329,-,--,,,,,,,,,,,,,,,,,,,,,,,,,,,,,,
8330,B,**,,,,,,,,,,,,,,,,,,,,,,,,,,,,,,
8331,B,AP,,,,,,,,,,,,,,,,,,,,,,,,,,,,,,
8332,B,AP,,,,,,,,,,,,,,,,,,,,,,,,,,,,,,
8333,B,AP,,,,,,,,,,,,,,,,,,,,,,,,,,,,,,
8334,V,KO,,,,,,,,,,,,,,,,,,,,,,,,,,,,,,
8335,V,KO,,,,,,,,,,,,,,,,,,,,,,,,,,,,,,
8336,V,KO,,,,,,,,,,,,,,,,,,,,,,,,,,,,,,
8337,V,**,,,,,,,,,,,,,,,,,,,,,,,,,,,,,,
8338,V,OR,,,,,,,,,,,,,,,,,,,,,,,,,,,,,,
8339,V,OR,,,,,,,,,,,,,,,,,,,,,,,,,,,,,,
8340,-,--,,,,,,,,,,,,,,,,,,,,,,,,,,,,,,
8341,U,AP,,,,,,,,,,,,,,,,,,,,,,,,,,,,,,
8342,V,OR,,,,,,,,,,,,,,,,,,,,,,,,,,,,,,
8343,I,WB,,,,,,,,,,,,,,,,,,,,,,,,,,,,,,
8344,C,TN,,,,,,,,,,,,,,,,,,,,,,,,,,,,,,
8345,I,WB,,,,,,,,,,,,,,,,,,,,,,,,,,,,,,
8346,I,WB,,,,,,,,,,,,,,,,,,,,,,,,,,,,,,
8347,I,GJ,,,,,,,,,,,,,,,,,,,,,,,,,,,,,,
8348,V,WB,,,,,,,,,,,,,,,,,,,,,,,,,,,,,,
8349,A,MP,,,,,,,,,,,,,,,,,,,,,,,,,,,,,,
8350,I,**,,,,,,,,,,,,,,,,,,,,,,,,,,,,,,
8351,I,HP,,,,,,,,,,,,,,,,,,,,,,,,,,,,,,
8352,I,HP,,,,,,,,,,,,,,,,,,,,,,,,,,,,,,
8353,*,**,,,,,,,,,,,,,,,,,,,,,,,,,,,,,,
8354,U,UE,,,,,,,,,,,,,,,,,,,,,,,,,,,,,,
8355,U,**,,,,,,,,,,,,,,,,,,,,,,,,,,,,,,
8356,U,MU,,,,,,,,,,,,,,,,,,,,,,,,,,,,,,
8357,V,MP,,,,,,,,,,,,,,,,,,,,,,,,,,,,,,
8358,V,MP,,,,,,,,,,,,,,,,,,,,,,,,,,,,,,
8359,V,MP,,,,,,,,,,,,,,,,,,,,,,,,,,,,,,
8360,-,--,,,,,,,,,,,,,,,,,,,,,,,,,,,,,,
8361,-,--,,,,,,,,,,,,,,,,,,,,,,,,,,,,,,
8362,$,$$,,,,,,,,,,,,,,,,,,,,,,,,,,,,,,
8363,$,$$,,,,,,,,,,,,,,,,,,,,,,,,,,,,,,
8364,$,$$,,,,,,,,,,,,,,,,,,,,,,,,,,,,,,
8365,-,--,,,,,,,,,,,,,,,,,,,,,,,,,,,,,,
8366,$,$$,,,,,,,,,,,,,,,,,,,,,,,,,,,,,,
8367,-,--,,,,,,,,,,,,,,,,,,,,,,,,,,,,,,
8368,-,--,,,,,,,,,,,,,,,,,,,,,,,,,,,,,,
8369,-,--,,,,,,,,,,,,,,,,,,,,,,,,,,,,,,
8370,V,**,,,,,,,,,,,,,,,,,,,,,,,,,,,,,,
8371,V,WB,,,,,,,,,,,,,,,,,,,,,,,,,,,,,,
8372,V,WB,,,,,,,,,,,,,,,,,,,,,,,,,,,,,,
8373,V,**,,,,,,,,,,,,,,,,,,,,,,,,,,,,,,
8374,A,AP,,,,,,,,,,,,,,,,,,,,,,,,,,,,,,
8375,V,DL,,,,,,,,,,,,,,,,,,,,,,,,,,,,,,
8376,V,DL,,,,,,,,,,,,,,,,,,,,,,,,,,,,,,
8377,V,DL,,,,,,,,,,,,,,,,,,,,,,,,,,,,,,
8378,I,MH,,,,,,,,,,,,,,,,,,,,,,,,,,,,,,
8379,I,MH,,,,,,,,,,,,,,,,,,,,,,,,,,,,,,
8380,I,MH,,,,,,,,,,,,,,,,,,,,,,,,,,,,,,
8381,*,**,,,,,,,,,,,,,,,,,,,,,,,,,,,,,,
8382,U,UE,,,,,,,,,,,,,,,,,,,,,,,,,,,,,,
8383,U,MU,,,,,,,,,,,,,,,,,,,,,,,,,,,,,,
8384,*,**,,,,,,,,,,,,,,,,,,,,,,,,,,,,,,
8385,C,RJ,,,,,,,,,,,,,,,,,,,,,,,,,,,,,,
8386,C,RJ,,,,,,,,,,,,,,,,,,,,,,,,,,,,,,
8387,C,RJ,,,,,,,,,,,,,,,,,,,,,,,,,,,,,,
8388,R,WB,,,,,,,,,,,,,,,,,,,,,,,,,,,,,,
8389,R,WB,,,,,,,,,,,,,,,,,,,,,,,,,,,,,,
8390,V,MH,,,,,,,,,,,,,,,,,,,,,,,,,,,,,,
8391,R,WB,,,,,,,,,,,,,,,,,,,,,,,,,,,,,,
8392,*,**,,,,,,,,,,,,,,,,,,,,,,,,,,,,,,
8393,V,UW,,,,,,,,,,,,,,,,,,,,,,,,,,,,,,
8394,V,UW,,,,,,,,,,,,,,,,,,,,,,,,,,,,,,
8395,V,**,,,,,,,,,,,,,,,,,,,,,,,,,,,,,,
8396,V,HR,,,,,,,,,,,,,,,,,,,,,,,,,,,,,,
8397,V,HR,,,,,,,,,,,,,,,,,,,,,,,,,,,,,,
8398,V,HR,,,,,,,,,,,,,,,,,,,,,,,,,,,,,,
8399,V,AS,,,,,,,,,,,,,,,,,,,,,,,,,,,,,,
8400,A,UE,,,,,,,,,,,,,,,,,,,,,,,,,,,,,,
8401,U,GJ,,,,,,,,,,,,,,,,,,,,,,,,,,,,,,
8402,V,AS,,,,,,,,,,,,,,,,,,,,,,,,,,,,,,
8403,V,AS,,,,,,,,,,,,,,,,,,,,,,,,,,,,,,
8404,V,**,,,,,,,,,,,,,,,,,,,,,,,,,,,,,,
8405,V,BR,,,,,,,,,,,,,,,,,,,,,,,,,,,,,,
8406,V,BR,,,,,,,,,,,,,,,,,,,,,,,,,,,,,,
8407,V,**,,,,,,,,,,,,,,,,,,,,,,,,,,,,,,
8408,V,MH,,,,,,,,,,,,,,,,,,,,,,,,,,,,,,
8409,U,BR,,,,,,,,,,,,,,,,,,,,,,,,,,,,,,
8410,C,UW,,,,,,,,,,,,,,,,,,,,,,,,,,,,,,
8411,V,MH,,,,,,,,,,,,,,,,,,,,,,,,,,,,,,
8412,V,MH,,,,,,,,,,,,,,,,,,,,,,,,,,,,,,
8413,A,NE,,,,,,,,,,,,,,,,,,,,,,,,,,,,,,
8414,A,NE,,,,,,,,,,,,,,,,,,,,,,,,,,,,,,
8415,A,NE,,,,,,,,,,,,,,,,,,,,,,,,,,,,,,
8416,*,**,,,,,,,,,,,,,,,,,,,,,,,,,,,,,,
8417,I,UE,,,,,,,,,,,,,,,,,,,,,,,,,,,,,,
8418,I,UE,,,,,,,,,,,,,,,,,,,,,,,,,,,,,,
8419,*,**,,,,,,,,,,,,,,,,,,,,,,,,,,,,,,
8420,A,KO,,,,,,,,,,,,,,,,,,,,,,,,,,,,,,
8421,U,MH,,,,,,,,,,,,,,,,,,,,,,,,,,,,,,
8422,I,MU,,,,,,,,,,,,,,,,,,,,,,,,,,,,,,
8423,U,UE,,,,,,,,,,,,,,,,,,,,,,,,,,,,,,
8424,I,MU,,,,,,,,,,,,,,,,,,,,,,,,,,,,,,
8425,I,MU,,,,,,,,,,,,,,,,,,,,,,,,,,,,,,
8426,I,RJ,,,,,,,,,,,,,,,,,,,,,,,,,,,,,,
8427,A,PB,,,,,,,,,,,,,,,,,,,,,,,,,,,,,,
8428,D,TN,,,,,,,,,,,,,,,,,,,,,,,,,,,,,,
8429,r,UE,,,,,,,,,,,,,,,,,,,,,,,,,,,,,,
8430,R,UW,,,,,,,,,,,,,,,,,,,,,,,,,,,,,,
8431,R,KN,,,,,,,,,,,,,,,,,,,,,,,,,,,,,,
8432,y,RJ,,,,,,,,,,,,,,,,,,,,,,,,,,,,,,
8433,y,MU,,,,,,,,,,,,,,,,,,,,,,,,,,,,,,
8434,y,BR,,,,,,,,,,,,,,,,,,,,,,,,,,,,,,
8435,I,MP,,,,,,,,,,,,,,,,,,,,,,,,,,,,,,
8436,U,WB,,,,,,,,,,,,,,,,,,,,,,,,,,,,,,
8437,I,PB,,,,,,,,,,,,,,,,,,,,,,,,,,,,,,
8438,T,TN,,,,,,,,,,,,,,,,,,,,,,,,,,,,,,
8439,T,UW,,,,,,,,,,,,,,,,,,,,,,,,,,,,,,
8440,I,RJ,,,,,,,,,,,,,,,,,,,,,,,,,,,,,,
8441,I,RJ,,,,,,,,,,,,,,,,,,,,,,,,,,,,,,
8442,*,**,,,,,,,,,,,,,,,,,,,,,,,,,,,,,,
8443,R,KO,,,,,,,,,,,,,,,,,,,,,,,,,,,,,,
8444,R,KO,,,,,,,,,,,,,,,,,,,,,,,,,,,,,,
8445,U,UW,,,,,,,,,,,,,,,,,,,,,,,,,,,,,,
8446,T,MH,,,,,,,,,,,,,,,,,,,,,,,,,,,,,,
8447,V,DL,,,,,,,,,,,,,,,,,,,,,,,,,,,,,,
8448,r,MU,,,,,,,,,,,,,,,,,,,,,,,,,,,,,,
8449,I,UW,,,,,,,,,,,,,,,,,,,,,,,,,,,,,,
8450,*,**,,,,,,,,,,,,,,,,,,,,,,,,,,,,,,
8451,A,MU,,,,,,,,,,,,,,,,,,,,,,,,,,,,,,
8452,A,MU,,,,,,,,,,,,,,,,,,,,,,,,,,,,,,
8453,y,KN,,,,,,,,,,,,,,,,,,,,,,,,,,,,,,
8454,A,MU,,,,,,,,,,,,,,,,,,,,,,,,,,,,,,
8455,A,OR,,,,,,,,,,,,,,,,,,,,,,,,,,,,,,
8456,A,OR,,,,,,,,,,,,,,,,,,,,,,,,,,,,,,
8457,A,OR,,,,,,,,,,,,,,,,,,,,,,,,,,,,,,
8458,*,**,,,,,,,,,,,,,,,,,,,,,,,,,,,,,,
8459,y,DL,,,,,,,,,,,,,,,,,,,,,,,,,,,,,,
8460,T,GJ,,,,,,,,,,,,,,,,,,,,,,,,,,,,,,
8461,I,MP,,,,,,,,,,,,,,,,,,,,,,,,,,,,,,
8462,I,MP,,,,,,,,,,,,,,,,,,,,,,,,,,,,,,
8463,I,**,,,,,,,,,,,,,,,,,,,,,,,,,,,,,,
8464,I,AP,,,,,,,,,,,,,,,,,,,,,,,,,,,,,,
8465,I,AP,,,,,,,,,,,,,,,,,,,,,,,,,,,,,,
8466,I,AP,,,,,,,,,,,,,,,,,,,,,,,,,,,,,,
8467,R,DL,,,,,,,,,,,,,,,,,,,,,,,,,,,,,,
8468,R,DL,,,,,,,,,,,,,,,,,,,,,,,,,,,,,,
8469,V,GJ,,,,,,,,,,,,,,,,,,,,,,,,,,,,,,
8470,R,DL,,,,,,,,,,,,,,,,,,,,,,,,,,,,,,
8471,*,**,,,,,,,,,,,,,,,,,,,,,,,,,,,,,,
8472,A,AS,,,,,,,,,,,,,,,,,,,,,,,,,,,,,,
8473,A,AS,,,,,,,,,,,,,,,,,,,,,,,,,,,,,,
8474,*,**,,,,,,,,,,,,,,,,,,,,,,,,,,,,,,
8475,I,UW,,,,,,,,,,,,,,,,,,,,,,,,,,,,,,
8476,I,UW,,,,,,,,,,,,,,,,,,,,,,,,,,,,,,
8477,I,UW,,,,,,,,,,,,,,,,,,,,,,,,,,,,,,
8478,I,KO,,,,,,,,,,,,,,,,,,,,,,,,,,,,,,
8479,I,KO,,,,,,,,,,,,,,,,,,,,,,,,,,,,,,
8480,B,UE,,,,,,,,,,,,,,,,,,,,,,,,,,,,,,
8481,I,KO,,,,,,,,,,,,,,,,,,,,,,,,,,,,,,
8482,*,**,,,,,,,,,,,,,,,,,,,,,,,,,,,,,,
8483,U,MH,,,,,,,,,,,,,,,,,,,,,,,,,,,,,,
8484,U,MH,,,,,,,,,,,,,,,,,,,,,,,,,,,,,,
8485,U,**,,,,,,,,,,,,,,,,,,,,,,,,,,,,,,
8486,V,AS,,,,,,,,,,,,,,,,,,,,,,,,,,,,,,
8487,U,GJ,,,,,,,,,,,,,,,,,,,,,,,,,,,,,,
8488,U,GJ,,,,,,,,,,,,,,,,,,,,,,,,,,,,,,
8489,V,TN,,,,,,,,,,,,,,,,,,,,,,,,,,,,,,
8490,U,GJ,,,,,,,,,,,,,,,,,,,,,,,,,,,,,,
8491,A,JK,,,,,,,,,,,,,,,,,,,,,,,,,,,,,,
8492,A,JK,,,,,,,,,,,,,,,,,,,,,,,,,,,,,,
8493,A,JK,,,,,,,,,,,,,,,,,,,,,,,,,,,,,,
8494,*,**,,,,,,,,,,,,,,,,,,,,,,,,,,,,,,
8495,I,KN,,,,,,,,,,,,,,,,,,,,,,,,,,,,,,
8496,I,KN,,,,,,,,,,,,,,,,,,,,,,,,,,,,,,
8497,I,**,,,,,,,,,,,,,,,,,,,,,,,,,,,,,,
8498,I,AP,,,,,,,,,,,,,,,,,,,,,,,,,,,,,,
8499,I,AP,,,,,,,,,,,,,,,,,,,,,,,,,,,,,,
8500,B,AP,,,,,,,,,,,,,,,,,,,,,,,,,,,,,,
8501,I,AP,,,,,,,,,,,,,,,,,,,,,,,,,,,,,,
8502,I,RJ,,,,,,,,,,,,,,,,,,,,,,,,,,,,,,
8503,I,RJ,,,,,,,,,,,,,,,,,,,,,,,,,,,,,,
8504,I,RJ,,,,,,,,,,,,,,,,,,,,,,,,,,,,,,
8505,I,**,,,,,,,,,,,,,,,,,,,,,,,,,,,,,,
8506,I,DL,,,,,,,,,,,,,,,,,,,,,,,,,,,,,,
8507,C,BR,,,,,,,,,,,,,,,,,,,,,,,,,,,,,,
8508,C,TN,,,,,,,,,,,,,,,,,,,,,,,,,,,,,,
8509,R,WB,,,,,,,,,,,,,,,,,,,,,,,,,,,,,,
8510,I,DL,,,,,,,,,,,,,,,,,,,,,,,,,,,,,,
8511,A,GJ,,,,,,,,,,,,,,,,,,,,,,,,,,,,,,
8512,I,**,,,,,,,,,,,,,,,,,,,,,,,,,,,,,,
8513,I,WB,,,,,,,,,,,,,,,,,,,,,,,,,,,,,,
8514,I,WB,,,,,,,,,,,,,,,,,,,,,,,,,,,,,,
8515,I,WB,,,,,,,,,,,,,,,,,,,,,,,,,,,,,,
8516,V,MP,,,,,,,,,,,,,,,,,,,,,,,,,,,,,,
8517,V,MP,,,,,,,,,,,,,,,,,,,,,,,,,,,,,,
8518,V,MP,,,,,,,,,,,,,,,,,,,,,,,,,,,,,,
8519,*,**,,,,,,,,,,,,,,,,,,,,,,,,,,,,,,
8520,U,AP,,,,,,,,,,,,,,,,,,,,,,,,,,,,,,
8521,A,BR,,,,,,,,,,,,,,,,,,,,,,,,,,,,,,
8522,U,AP,,,,,,,,,,,,,,,,,,,,,,,,,,,,,,
8523,U,**,,,,,,,,,,,,,,,,,,,,,,,,,,,,,,
8524,U,TN,,,,,,,,,,,,,,,,,,,,,,,,,,,,,,
8525,U,TN,,,,,,,,,,,,,,,,,,,,,,,,,,,,,,
8526,C,TN,,,,,,,,,,,,,,,,,,,,,,,,,,,,,,
8527,A,DL,,,,,,,,,,,,,,,,,,,,,,,,,,,,,,
8528,D,PB,,,,,,,,,,,,,,,,,,,,,,,,,,,,,,
8529,D,HR,,,,,,,,,,,,,,,,,,,,,,,,,,,,,,
8530,D,GJ,,,,,,,,,,,,,,,,,,,,,,,,,,,,,,
8531,U,TN,,,,,,,,,,,,,,,,,,,,,,,,,,,,,,
8532,U,UW,,,,,,,,,,,,,,,,,,,,,,,,,,,,,,
8533,U,UW,,,,,,,,,,,,,,,,,,,,,,,,,,,,,,
8534,U,UW,,,,,,,,,,,,,,,,,,,,,,,,,,,,,,
8535,U,**,,,,,,,,,,,,,,,,,,,,,,,,,,,,,,
8536,U,WB,,,,,,,,,,,,,,,,,,,,,,,,,,,,,,
8537,U,WB,,,,,,,,,,,,,,,,,,,,,,,,,,,,,,
8538,U,**,,,,,,,,,,,,,,,,,,,,,,,,,,,,,,
8539,U,BR,,,,,,,,,,,,,,,,,,,,,,,,,,,,,,
8540,U,BR,,,,,,,,,,,,,,,,,,,,,,,,,,,,,,
8541,U,BR,,,,,,,,,,,,,,,,,,,,,,,,,,,,,,
8542,U,UE,,,,,,,,,,,,,,,,,,,,,,,,,,,,,,
8543,U,UE,,,,,,,,,,,,,,,,,,,,,,,,,,,,,,
8544,B,BR,,,,,,,,,,,,,,,,,,,,,,,,,,,,,,
8545,U,UE,,,,,,,,,,,,,,,,,,,,,,,,,,,,,,
8546,U,**,,,,,,,,,,,,,,,,,,,,,,,,,,,,,,
8547,B,KL,,,,,,,,,,,,,,,,,,,,,,,,,,,,,,
8548,U,KN,,,,,,,,,,,,,,,,,,,,,,,,,,,,,,
8549,U,KN,,,,,,,,,,,,,,,,,,,,,,,,,,,,,,
8550,*,**,,,,,,,,,,,,,,,,,,,,,,,,,,,,,,
8551,V,MH,,,,,,,,,,,,,,,,,,,,,,,,,,,,,,
8552,V,MH,,,,,,,,,,,,,,,,,,,,,,,,,,,,,,
8553,C,KN,,,,,,,,,,,,,,,,,,,,,,,,,,,,,,
8554,V,MH,,,,,,,,,,,,,,,,,,,,,,,,,,,,,,
8555,-,--,,,,,,,,,,,,,,,,,,,,,,,,,,,,,,
8556,V,PB,,,,,,,,,,,,,,,,,,,,,,,,,,,,,,
8557,V,PB,,,,,,,,,,,,,,,,,,,,,,,,,,,,,,
8558,V,PB,,,,,,,,,,,,,,,,,,,,,,,,,,,,,,
8559,*,**,,,,,,,,,,,,,,,,,,,,,,,,,,,,,,
8560,C,RJ,,,,,,,,,,,,,,,,,,,,,,,,,,,,,,
8561,C,RJ,,,,,,,,,,,,,,,,,,,,,,,,,,,,,,
8562,C,**,,,,,,,,,,,,,,,,,,,,,,,,,,,,,,
8563,C,UE,,,,,,,,,,,,,,,,,,,,,,,,,,,,,,
8564,C,UE,,,,,,,,,,,,,,,,,,,,,,,,,,,,,,
8565,C,UE,,,,,,,,,,,,,,,,,,,,,,,,,,,,,,
8566,C,PB,,,,,,,,,,,,,,,,,,,,,,,,,,,,,,
8567,C,PB,,,,,,,,,,,,,,,,,,,,,,,,,,,,,,
8568,C,PB,,,,,,,,,,,,,,,,,,,,,,,,,,,,,,
8569,*,**,,,,,,,,,,,,,,,,,,,,,,,,,,,,,,
8570,C,RJ,,,,,,,,,,,,,,,,,,,,,,,,,,,,,,
8571,C,RJ,,,,,,,,,,,,,,,,,,,,,,,,,,,,,,
8572,*,**,,,,,,,,,,,,,,,,,,,,,,,,,,,,,,
8573,I,UE,,,,,,,,,,,,,,,,,,,,,,,,,,,,,,
8574,C,UE,,,,,,,,,,,,,,,,,,,,,,,,,,,,,,
8575,C,NE,,,,,,,,,,,,,,,,,,,,,,,,,,,,,,
8576,I,UE,,,,,,,,,,,,,,,,,,,,,,,,,,,,,,
8577,I,UE,,,,,,,,,,,,,,,,,,,,,,,,,,,,,,
8578,I,BR,,,,,,,,,,,,,,,,,,,,,,,,,,,,,,
8579,I,BR,,,,,,,,,,,,,,,,,,,,,,,,,,,,,,
8580,B,BR,,,,,,,,,,,,,,,,,,,,,,,,,,,,,,
8581,I,BR,,,,,,,,,,,,,,,,,,,,,,,,,,,,,,
8582,*,**,,,,,,,,,,,,,,,,,,,,,,,,,,,,,,
8583,A,KO,,,,,,,,,,,,,,,,,,,,,,,,,,,,,,
8584,A,KO,,,,,,,,,,,,,,,,,,,,,,,,,,,,,,
8585,*,**,,,,,,,,,,,,,,,,,,,,,,,,,,,,,,
8586,V,DL,,,,,,,,,,,,,,,,,,,,,,,,,,,,,,
8587,V,DL,,,,,,,,,,,,,,,,,,,,,,,,,,,,,,
8588,V,DL,,,,,,,,,,,,,,,,,,,,,,,,,,,,,,
8589,V,KL,,,,,,,,,,,,,,,,,,,,,,,,,,,,,,
8590,R,KL,,,,,,,,,,,,,,,,,,,,,,,,,,,,,,
8591,R,PB,,,,,,,,,,,,,,,,,,,,,,,,,,,,,,
8592,V,KL,,,,,,,,,,,,,,,,,,,,,,,,,,,,,,
8593,V,KL,,,,,,,,,,,,,,,,,,,,,,,,,,,,,,
8594,V,**,,,,,,,,,,,,,,,,,,,,,,,,,,,,,,
8595,r,DL,,,,,,,,,,,,,,,,,,,,,,,,,,,,,,
8596,V,OR,,,,,,,,,,,,,,,,,,,,,,,,,,,,,,
8597,r,BR,,,,,,,,,,,,,,,,,,,,,,,,,,,,,,
8598,V,OR,,,,,,,,,,,,,,,,,,,,,,,,,,,,,,
8599,*,**,,,,,,,,,,,,,,,,,,,,,,,,,,,,,,
8600,A,MH,,,,,,,,,,,,,,,,,,,,,,,,,,,,,,
8601,V,UE,,,,,,,,,,,,,,,,,,,,,,,,,,,,,,
8602,T,MP,,,,,,,,,,,,,,,,,,,,,,,,,,,,,,
8603,T,BR,,,,,,,,,,,,,,,,,,,,,,,,,,,,,,
8604,T,UE,,,,,,,,,,,,,,,,,,,,,,,,,,,,,,
8605,I,MH,,,,,,,,,,,,,,,,,,,,,,,,,,,,,,
8606,I,KL,,,,,,,,,,,,,,,,,,,,,,,,,,,,,,
8607,I,HR,,,,,,,,,,,,,,,,,,,,,,,,,,,,,,
8608,I,TN,,,,,,,,,,,,,,,,,,,,,,,,,,,,,,
8609,I,WB,,,,,,,,,,,,,,,,,,,,,,,,,,,,,,
8610,-,--,,,,,,,,,,,,,,,,,,,,,,,,,,,,,,
8611,-,--,,,,,,,,,,,,,,,,,,,,,,,,,,,,,,
8612,$,$$,,,,,,,,,,,,,,,,,,,,,,,,,,,,,,
8613,$,$$,,,,,,,,,,,,,,,,,,,,,,,,,,,,,,
8614,$,$$,,,,,,,,,,,,,,,,,,,,,,,,,,,,,,
8615,-,--,,,,,,,,,,,,,,,,,,,,,,,,,,,,,,
8616,$,$$,,,,,,,,,,,,,,,,,,,,,,,,,,,,,,
8617,-,--,,,,,,,,,,,,,,,,,,,,,,,,,,,,,,
8618,-,--,,,,,,,,,,,,,,,,,,,,,,,,,,,,,,
8619,-,--,,,,,,,,,,,,,,,,,,,,,,,,,,,,,,
8620,U,KO,,,,,,,,,,,,,,,,,,,,,,,,,,,,,,
8621,U,KO,,,,,,,,,,,,,,,,,,,,,,,,,,,,,,
8622,U,KO,,,,,,,,,,,,,,,,,,,,,,,,,,,,,,
8623,U,MH,,,,,,,,,,,,,,,,,,,,,,,,,,,,,,
8624,U,MH,,,,,,,,,,,,,,,,,,,,,,,,,,,,,,
8625,U,MH,,,,,,,,,,,,,,,,,,,,,,,,,,,,,,
8626,*,**,,,,,,,,,,,,,,,,,,,,,,,,,,,,,,
8627,A,HP,,,,,,,,,,,,,,,,,,,,,,,,,,,,,,
8628,A,HP,,,,,,,,,,,,,,,,,,,,,,,,,,,,,,
8629,*,**,,,,,,,,,,,,,,,,,,,,,,,,,,,,,,
8630,-,--,,,,,,,,,,,,,,,,,,,,,,,,,,,,,,
8631,-,--,,,,,,,,,,,,,,,,,,,,,,,,,,,,,,
8632,$,$$,,,,,,,,,,,,,,,,,,,,,,,,,,,,,,
8633,$,$$,,,,,,,,,,,,,,,,,,,,,,,,,,,,,,
8634,$,$$,,,,,,,,,,,,,,,,,,,,,,,,,,,,,,
8635,-,--,,,,,,,,,,,,,,,,,,,,,,,,,,,,,,
8636,$,$$,,,,,,,,,,,,,,,,,,,,,,,,,,,,,,
8637,-,--,,,,,,,,,,,,,,,,,,,,,,,,,,,,,,
8638,-,--,,,,,,,,,,,,,,,,,,,,,,,,,,,,,,
8639,-,--,,,,,,,,,,,,,,,,,,,,,,,,,,,,,,
8640,y,WB,,,,,,,,,,,,,,,,,,,,,,,,,,,,,,
8641,y,WB,,,,,,,,,,,,,,,,,,,,,,,,,,,,,,
8642,y,WB,,,,,,,,,,,,,,,,,,,,,,,,,,,,,,
8643,y,TN,,,,,,,,,,,,,,,,,,,,,,,,,,,,,,
8644,y,TN,,,,,,,,,,,,,,,,,,,,,,,,,,,,,,
8645,y,TN,,,,,,,,,,,,,,,,,,,,,,,,,,,,,,
8646,*,**,,,,,,,,,,,,,,,,,,,,,,,,,,,,,,
8647,y,KO,,,,,,,,,,,,,,,,,,,,,,,,,,,,,,
8648,y,KO,,,,,,,,,,,,,,,,,,,,,,,,,,,,,,
8649,*,**,,,,,,,,,,,,,,,,,,,,,,,,,,,,,,
8650,V,UW,,,,,,,,,,,,,,,,,,,,,,,,,,,,,,
8651,I,BR,,,,,,,,,,,,,,,,,,,,,,,,,,,,,,
8652,I,MU,,,,,,,,,,,,,,,,,,,,,,,,,,,,,,
8653,T,WB,,,,,,,,,,,,,,,,,,,,,,,,,,,,,,
8654,C,MP,,,,,,,,,,,,,,,,,,,,,,,,,,,,,,
8655,T,MU,,,,,,,,,,,,,,,,,,,,,,,,,,,,,,
8656,C,MP,,,,,,,,,,,,,,,,,,,,,,,,,,,,,,
8657,R,MH,,,,,,,,,,,,,,,,,,,,,,,,,,,,,,
8658,A,OR,,,,,,,,,,,,,,,,,,,,,,,,,,,,,,
8659,C,MP,,,,,,,,,,,,,,,,,,,,,,,,,,,,,,
8660,-,--,,,,,,,,,,,,,,,,,,,,,,,,,,,,,,
8661,-,--,,,,,,,,,,,,,,,,,,,,,,,,,,,,,,
8662,$,$$,,,,,,,,,,,,,,,,,,,,,,,,,,,,,,
8663,$,$$,,,,,,,,,,,,,,,,,,,,,,,,,,,,,,
8664,$,$$,,,,,,,,,,,,,,,,,,,,,,,,,,,,,,
8665,-,--,,,,,,,,,,,,,,,,,,,,,,,,,,,,,,
8666,$,$$,,,,,,,,,,,,,,,,,,,,,,,,,,,,,,
8667,-,--,,,,,,,,,,,,,,,,,,,,,,,,,,,,,,
8668,-,--,,,,,,,,,,,,,,,,,,,,,,,,,,,,,,
8669,-,--,,,,,,,,,,,,,,,,,,,,,,,,,,,,,,
8670,A,WB,,,,,,,,,,,,,,,,,,,,,,,,,,,,,,
8671,C,GJ,,,,,,,,,,,,,,,,,,,,,,,,,,,,,,
8672,C,GJ,,,,,,,,,,,,,,,,,,,,,,,,,,,,,,
8673,C,GJ,,,,,,,,,,,,,,,,,,,,,,,,,,,,,,
8674,*,**,,,,,,,,,,,,,,,,,,,,,,,,,,,,,,
8675,C,TN,,,,,,,,,,,,,,,,,,,,,,,,,,,,,,
8676,V,BR,,,,,,,,,,,,,,,,,,,,,,,,,,,,,,
8677,V,BR,,,,,,,,,,,,,,,,,,,,,,,,,,,,,,
8678,*,**,,,,,,,,,,,,,,,,,,,,,,,,,,,,,,
8679,C,HP,,,,,,,,,,,,,,,,,,,,,,,,,,,,,,
8680,I,TN,,,,,,,,,,,,,,,,,,,,,,,,,,,,,,
8681,I,TN,,,,,,,,,,,,,,,,,,,,,,,,,,,,,,
8682,I,TN,,,,,,,,,,,,,,,,,,,,,,,,,,,,,,
8683,I,HR,,,,,,,,,,,,,,,,,,,,,,,,,,,,,,
8684,I,HR,,,,,,,,,,,,,,,,,,,,,,,,,,,,,,
8685,I,HR,,,,,,,,,,,,,,,,,,,,,,,,,,,,,,
8686,C,AP,,,,,,,,,,,,,,,,,,,,,,,,,,,,,,
8687,R,UE,,,,,,,,,,,,,,,,,,,,,,,,,,,,,,
8688,R,AP,,,,,,,,,,,,,,,,,,,,,,,,,,,,,,
8689,*,**,,,,,,,,,,,,,,,,,,,,,,,,,,,,,,
8690,R,GJ,,,,,,,,,,,,,,,,,,,,,,,,,,,,,,
8691,I,MP,,,,,,,,,,,,,,,,,,,,,,,,,,,,,,
8692,I,MP,,,,,,,,,,,,,,,,,,,,,,,,,,,,,,
8693,*,**,,,,,,,,,,,,,,,,,,,,,,,,,,,,,,
8694,y,KN,,,,,,,,,,,,,,,,,,,,,,,,,,,,,,
8695,R,TN,,,,,,,,,,,,,,,,,,,,,,,,,,,,,,
8696,V,RJ,,,,,,,,,,,,,,,,,,,,,,,,,,,,,,
8697,V,KO,,,,,,,,,,,,,,,,,,,,,,,,,,,,,,
8698,V,MH,,,,,,,,,,,,,,,,,,,,,,,,,,,,,,
8699,T,PB,,,,,,,,,,,,,,,,,,,,,,,,,,,,,,
8700,-,--,,,,,,,,,,,,,,,,,,,,,,,,,,,,,,
8701,-,--,,,,,,,,,,,,,,,,,,,,,,,,,,,,,,
8702,$,$$,,,,,,,,,,,,,,,,,,,,,,,,,,,,,,
8703,$,$$,,,,,,,,,,,,,,,,,,,,,,,,,,,,,,
8704,$,$$,,,,,,,,,,,,,,,,,,,,,,,,,,,,,,
8705,-,--,,,,,,,,,,,,,,,,,,,,,,,,,,,,,,
8706,$,$$,,,,,,,,,,,,,,,,,,,,,,,,,,,,,,
8707,-,--,,,,,,,,,,,,,,,,,,,,,,,,,,,,,,
8708,-,--,,,,,,,,,,,,,,,,,,,,,,,,,,,,,,
8709,-,--,,,,,,,,,,,,,,,,,,,,,,,,,,,,,,
8710,y,KN,,,,,,,,,,,,,,,,,,,,,,,,,,,,,,
8711,y,KN,,,,,,,,,,,,,,,,,,,,,,,,,,,,,,
8712,T,AP,,,,,,,,,,,,,,,,,,,,,,,,,,,,,,
8713,V,JK,,,,,,,,,,,,,,,,,,,,,,,,,,,,,,
8714,T,KL,,,,,,,,,,,,,,,,,,,,,,,,,,,,,,
8715,V,JK,,,,,,,,,,,,,,,,,,,,,,,,,,,,,,
8716,V,JK,,,,,,,,,,,,,,,,,,,,,,,,,,,,,,
8717,*,**,,,,,,,,,,,,,,,,,,,,,,,,,,,,,,
8718,I,MP,,,,,,,,,,,,,,,,,,,,,,,,,,,,,,
8719,I,MP,,,,,,,,,,,,,,,,,,,,,,,,,,,,,,
8720,*,**,,,,,,,,,,,,,,,,,,,,,,,,,,,,,,
8721,V,AS,,,,,,,,,,,,,,,,,,,,,,,,,,,,,,
8722,I,KN,,,,,,,,,,,,,,,,,,,,,,,,,,,,,,
8723,V,AS,,,,,,,,,,,,,,,,,,,,,,,,,,,,,,
8724,V,AS,,,,,,,,,,,,,,,,,,,,,,,,,,,,,,
8725,I,PB,,,,,,,,,,,,,,,,,,,,,,,,,,,,,,
8726,I,UE,,,,,,,,,,,,,,,,,,,,,,,,,,,,,,
8727,I,PB,,,,,,,,,,,,,,,,,,,,,,,,,,,,,,
8728,I,PB,,,,,,,,,,,,,,,,,,,,,,,,,,,,,,
8729,*,**,,,,,,,,,,,,,,,,,,,,,,,,,,,,,,
8730,A,NE,,,,,,,,,,,,,,,,,,,,,,,,,,,,,,
8731,A,NE,,,,,,,,,,,,,,,,,,,,,,,,,,,,,,
8732,*,**,,,,,,,,,,,,,,,,,,,,,,,,,,,,,,
8733,U,GJ,,,,,,,,,,,,,,,,,,,,,,,,,,,,,,
8734,U,GJ,,,,,,,,,,,,,,,,,,,,,,,,,,,,,,
8735,U,GJ,,,,,,,,,,,,,,,,,,,,,,,,,,,,,,
8736,U,UE,,,,,,,,,,,,,,,,,,,,,,,,,,,,,,
8737,U,UE,,,,,,,,,,,,,,,,,,,,,,,,,,,,,,
8738,U,UE,,,,,,,,,,,,,,,,,,,,,,,,,,,,,,
8739,*,**,,,,,,,,,,,,,,,,,,,,,,,,,,,,,,
8740,I,RJ,,,,,,,,,,,,,,,,,,,,,,,,,,,,,,
8741,I,RJ,,,,,,,,,,,,,,,,,,,,,,,,,,,,,,
8742,I,**,,,,,,,,,,,,,,,,,,,,,,,,,,,,,,
8743,I,DL,,,,,,,,,,,,,,,,,,,,,,,,,,,,,,
8744,I,DL,,,,,,,,,,,,,,,,,,,,,,,,,,,,,,
8745,I,DL,,,,,,,,,,,,,,,,,,,,,,,,,,,,,,
8746,I,KN,,,,,,,,,,,,,,,,,,,,,,,,,,,,,,
8747,I,KN,,,,,,,,,,,,,,,,,,,,,,,,,,,,,,
8748,I,KN,,,,,,,,,,,,,,,,,,,,,,,,,,,,,,
8749,*,**,,,,,,,,,,,,,,,,,,,,,,,,,,,,,,
8750,I,DL,,,,,,,,,,,,,,,,,,,,,,,,,,,,,,
8751,C,AS,,,,,,,,,,,,,,,,,,,,,,,,,,,,,,
8752,C,AS,,,,,,,,,,,,,,,,,,,,,,,,,,,,,,
8753,*,AS,,,,,,,,,,,,,,,,,,,,,,,,,,,,,,
8754,A,TN,,,,,,,,,,,,,,,,,,,,,,,,,,,,,,
8755,A,UW,,,,,,,,,,,,,,,,,,,,,,,,,,,,,,
8756,A,UE,,,,,,,,,,,,,,,,,,,,,,,,,,,,,,
8757,A,BR,,,,,,,,,,,,,,,,,,,,,,,,,,,,,,
8758,V,GJ,,,,,,,,,,,,,,,,,,,,,,,,,,,,,,
8759,C,WB,,,,,,,,,,,,,,,,,,,,,,,,,,,,,,
8760,C,TN,,,,,,,,,,,,,,,,,,,,,,,,,,,,,,
8761,A,AS,,,,,,,,,,,,,,,,,,,,,,,,,,,,,,
8762,B,KN,,,,,,,,,,,,,,,,,,,,,,,,,,,,,,
8763,B,OR,,,,,,,,,,,,,,,,,,,,,,,,,,,,,,
8764,B,RJ,,,,,,,,,,,,,,,,,,,,,,,,,,,,,,
8765,B,UE,,,,,,,,,,,,,,,,,,,,,,,,,,,,,,
8766,r,RJ,,,,,,,,,,,,,,,,,,,,,,,,,,,,,,
8767,R,MU,,,,,,,,,,,,,,,,,,,,,,,,,,,,,,
8768,V,WB,,,,,,,,,,,,,,,,,,,,,,,,,,,,,,
8769,A,RJ,,,,,,,,,,,,,,,,,,,,,,,,,,,,,,
8770,-,--,,,,,,,,,,,,,,,,,,,,,,,,,,,,,,
8771,-,--,,,,,,,,,,,,,,,,,,,,,,,,,,,,,,
8772,$,$$,,,,,,,,,,,,,,,,,,,,,,,,,,,,,,
8773,$,$$,,,,,,,,,,,,,,,,,,,,,,,,,,,,,,
8774,$,$$,,,,,,,,,,,,,,,,,,,,,,,,,,,,,,
8775,-,--,,,,,,,,,,,,,,,,,,,,,,,,,,,,,,
8776,$,$$,,,,,,,,,,,,,,,,,,,,,,,,,,,,,,
8777,-,--,,,,,,,,,,,,,,,,,,,,,,,,,,,,,,
8778,-,--,,,,,,,,,,,,,,,,,,,,,,,,,,,,,,
8779,-,--,,,,,,,,,,,,,,,,,,,,,,,,,,,,,,
8780,-,--,,,,,,,,,,,,,,,,,,,,,,,,,,,,,,
8781,-,--,,,,,,,,,,,,,,,,,,,,,,,,,,,,,,
8782,$,$$,,,,,,,,,,,,,,,,,,,,,,,,,,,,,,
8783,$,$$,,,,,,,,,,,,,,,,,,,,,,,,,,,,,,
8784,$,$$,,,,,,,,,,,,,,,,,,,,,,,,,,,,,,
8785,-,--,,,,,,,,,,,,,,,,,,,,,,,,,,,,,,
8786,$,$$,,,,,,,,,,,,,,,,,,,,,,,,,,,,,,
8787,-,--,,,,,,,,,,,,,,,,,,,,,,,,,,,,,,
8788,-,--,,,,,,,,,,,,,,,,,,,,,,,,,,,,,,
8789,-,--,,,,,,,,,,,,,,,,,,,,,,,,,,,,,,
8790,A,AP,,,,,,,,,,,,,,,,,,,,,,,,,,,,,,
8791,T,UW,,,,,,,,,,,,,,,,,,,,,,,,,,,,,,
8792,T,KN,,,,,,,,,,,,,,,,,,,,,,,,,,,,,,
8793,T,MH,,,,,,,,,,,,,,,,,,,,,,,,,,,,,,
8794,V,NE,,,,,,,,,,,,,,,,,,,,,,,,,,,,,,
8795,V,UE,,,,,,,,,,,,,,,,,,,,,,,,,,,,,,
8796,C,MH,,,,,,,,,,,,,,,,,,,,,,,,,,,,,,
8797,T,BH,,,,,,,,,,,,,,,,,,,,,,,,,,,,,,
8798,r,WB,,,,,,,,,,,,,,,,,,,,,,,,,,,,,,
8799,r,UE,,,,,,,,,,,,,,,,,,,,,,,,,,,,,,
8800,A,DL,,,,,,,,,,,,,,,,,,,,,,,,,,,,,,
8801,C,AP,,,,,,,,,,,,,,,,,,,,,,,,,,,,,,
8802,C,DL,,,,,,,,,,,,,,,,,,,,,,,,,,,,,,
8803,C,JK,,,,,,,,,,,,,,,,,,,,,,,,,,,,,,
8804,C,BR,,,,,,,,,,,,,,,,,,,,,,,,,,,,,,
8805,I,MH,,,,,,,,,,,,,,,,,,,,,,,,,,,,,,
8806,V,MH,,,,,,,,,,,,,,,,,,,,,,,,,,,,,,
8807,T,TN,,,,,,,,,,,,,,,,,,,,,,,,,,,,,,
8808,I,UE,,,,,,,,,,,,,,,,,,,,,,,,,,,,,,
8809,A,BR,,,,,,,,,,,,,,,,,,,,,,,,,,,,,,
8810,r,UW,,,,,,,,,,,,,,,,,,,,,,,,,,,,,,
8811,A,AS,,,,,,,,,,,,,,,,,,,,,,,,,,,,,,
8812,A,AS,,,,,,,,,,,,,,,,,,,,,,,,,,,,,,
8813,V,HR,,,,,,,,,,,,,,,,,,,,,,,,,,,,,,
8814,V,HR,,,,,,,,,,,,,,,,,,,,,,,,,,,,,,
8815,r,MP,,,,,,,,,,,,,,,,,,,,,,,,,,,,,,
8816,V,HR,,,,,,,,,,,,,,,,,,,,,,,,,,,,,,
8817,R,MP,,,,,,,,,,,,,,,,,,,,,,,,,,,,,,
8818,V,**,,,,,,,,,,,,,,,,,,,,,,,,,,,,,,
8819,V,MP,,,,,,,,,,,,,,,,,,,,,,,,,,,,,,
8820,R,KO,,,,,,,,,,,,,,,,,,,,,,,,,,,,,,
8821,V,MP,,,,,,,,,,,,,,,,,,,,,,,,,,,,,,
8822,R,AS,,,,,,,,,,,,,,,,,,,,,,,,,,,,,,
8823,*,**,,,,,,,,,,,,,,,,,,,,,,,,,,,,,,
8824,R,RJ,,,,,,,,,,,,,,,,,,,,,,,,,,,,,,
8825,D,TN,,,,,,,,,,,,,,,,,,,,,,,,,,,,,,
8826,A,DL,,,,,,,,,,,,,,,,,,,,,,,,,,,,,,
8827,A,MP,,,,,,,,,,,,,,,,,,,,,,,,,,,,,,
8828,D,MU,,,,,,,,,,,,,,,,,,,,,,,,,,,,,,
8829,T,RJ,,,,,,,,,,,,,,,,,,,,,,,,,,,,,,
8830,-,--,,,,,,,,,,,,,,,,,,,,,,,,,,,,,,
8831,-,--,,,,,,,,,,,,,,,,,,,,,,,,,,,,,,
8832,$,$$,,,,,,,,,,,,,,,,,,,,,,,,,,,,,,
8833,$,$$,,,,,,,,,,,,,,,,,,,,,,,,,,,,,,
8834,$,$$,,,,,,,,,,,,,,,,,,,,,,,,,,,,,,
8835,-,--,,,,,,,,,,,,,,,,,,,,,,,,,,,,,,
8836,$,$$,,,,,,,,,,,,,,,,,,,,,,,,,,,,,,
8837,-,--,,,,,,,,,,,,,,,,,,,,,,,,,,,,,,
8838,-,--,,,,,,,,,,,,,,,,,,,,,,,,,,,,,,
8839,-,--,,,,,,,,,,,,,,,,,,,,,,,,,,,,,,
8840,-,--,,,,,,,,,,,,,,,,,,,,,,,,,,,,,,
8841,-,--,,,,,,,,,,,,,,,,,,,,,,,,,,,,,,
8842,$,$$,,,,,,,,,,,,,,,,,,,,,,,,,,,,,,
8843,$,$$,,,,,,,,,,,,,,,,,,,,,,,,,,,,,,
8844,$,$$,,,,,,,,,,,,,,,,,,,,,,,,,,,,,,
8845,-,--,,,,,,,,,,,,,,,,,,,,,,,,,,,,,,
8846,$,$$,,,,,,,,,,,,,,,,,,,,,,,,,,,,,,
8847,-,--,,,,,,,,,,,,,,,,,,,,,,,,,,,,,,
8848,-,--,,,,,,,,,,,,,,,,,,,,,,,,,,,,,,
8849,-,--,,,,,,,,,,,,,,,,,,,,,,,,,,,,,,
8850,-,--,,,,,,,,,,,,,,,,,,,,,,,,,,,,,,
8851,-,--,,,,,,,,,,,,,,,,,,,,,,,,,,,,,,
8852,T,RJ,,,,,,,,,,,,,,,,,,,,,,,,,,,,,,
8853,A,UE,,,,,,,,,,,,,,,,,,,,,,,,,,,,,,
8854,T,RJ,,,,,,,,,,,,,,,,,,,,,,,,,,,,,,
8855,U,MH,,,,,,,,,,,,,,,,,,,,,,,,,,,,,,
8856,U,MH,,,,,,,,,,,,,,,,,,,,,,,,,,,,,,
8857,U,MH,,,,,,,,,,,,,,,,,,,,,,,,,,,,,,
8858,U,UE,,,,,,,,,,,,,,,,,,,,,,,,,,,,,,
8859,V,UW,,,,,,,,,,,,,,,,,,,,,,,,,,,,,,
8860,V,DL,,,,,,,,,,,,,,,,,,,,,,,,,,,,,,
8861,A,KN,,,,,,,,,,,,,,,,,,,,,,,,,,,,,,
8862,U,**,,,,,,,,,,,,,,,,,,,,,,,,,,,,,,
8863,U,BR,,,,,,,,,,,,,,,,,,,,,,,,,,,,,,
8864,U,**,,,,,,,,,,,,,,,,,,,,,,,,,,,,,,
8865,U,UW,,,,,,,,,,,,,,,,,,,,,,,,,,,,,,
8866,T,GJ,,,,,,,,,,,,,,,,,,,,,,,,,,,,,,
8867,T,KN,,,,,,,,,,,,,,,,,,,,,,,,,,,,,,
8868,U,UW,,,,,,,,,,,,,,,,,,,,,,,,,,,,,,
8869,*,**,,,,,,,,,,,,,,,,,,,,,,,,,,,,,,
8870,A,TN,,,,,,,,,,,,,,,,,,,,,,,,,,,,,,
8871,T,MP,,,,,,,,,,,,,,,,,,,,,,,,,,,,,,
8872,I,PB,,,,,,,,,,,,,,,,,,,,,,,,,,,,,,
8873,I,BR,,,,,,,,,,,,,,,,,,,,,,,,,,,,,,
8874,V,UE,,,,,,,,,,,,,,,,,,,,,,,,,,,,,,
8875,V,RJ,,,,,,,,,,,,,,,,,,,,,,,,,,,,,,
8876,V,AS,,,,,,,,,,,,,,,,,,,,,,,,,,,,,,
8877,V,BR,,,,,,,,,,,,,,,,,,,,,,,,,,,,,,
8878,V,MP,,,,,,,,,,,,,,,,,,,,,,,,,,,,,,
8879,V,MU,,,,,,,,,,,,,,,,,,,,,,,,,,,,,,
8880,R,KN,,,,,,,,,,,,,,,,,,,,,,,,,,,,,,
8881,R,UW,,,,,,,,,,,,,,,,,,,,,,,,,,,,,,
8882,R,DL,,,,,,,,,,,,,,,,,,,,,,,,,,,,,,
8883,C,TN,,,,,,,,,,,,,,,,,,,,,,,,,,,,,,
8884,V,KN,,,,,,,,,,,,,,,,,,,,,,,,,,,,,,
8885,T,AP,,,,,,,,,,,,,,,,,,,,,,,,,,,,,,
8886,V,AP,,,,,,,,,,,,,,,,,,,,,,,,,,,,,,
8887,B,UE,,,,,,,,,,,,,,,,,,,,,,,,,,,,,,
8888,I,MH,,,,,,,,,,,,,,,,,,,,,,,,,,,,,,
8889,I,MP,,,,,,,,,,,,,,,,,,,,,,,,,,,,,,
8890,A,RJ,,,,,,,,,,,,,,,,,,,,,,,,,,,,,,
8891,T,KL,,,,,,,,,,,,,,,,,,,,,,,,,,,,,,
8892,C,KN,,,,,,,,,,,,,,,,,,,,,,,,,,,,,,
8893,R,KL,,,,,,,,,,,,,,,,,,,,,,,,,,,,,,
8894,A,HP,,,,,,,,,,,,,,,,,,,,,,,,,,,,,,
8895,B,OR,,,,,,,,,,,,,,,,,,,,,,,,,,,,,,
8896,C,UE,,,,,,,,,,,,,,,,,,,,,,,,,,,,,,
8897,A,AP,,,,,,,,,,,,,,,,,,,,,,,,,,,,,,
8898,C,MU,,,,,,,,,,,,,,,,,,,,,,,,,,,,,,
8899,R,UW,,,,,,,,,,,,,,,,,,,,,,,,,,,,,,
8900,B,WB,,,,,,,,,,,,,,,,,,,,,,,,,,,,,,
8901,B,HR,,,,,,,,,,,,,,,,,,,,,,,,,,,,,,
8902,B,KO,,,,,,,,,,,,,,,,,,,,,,,,,,,,,,
8903,B,TN,,,,,,,,,,,,,,,,,,,,,,,,,,,,,,
8904,T,KN,,,,,,,,,,,,,,,,,,,,,,,,,,,,,,
8905,R,GJ,,,,,,,,,,,,,,,,,,,,,,,,,,,,,,
8906,C,WB,,,,,,,,,,,,,,,,,,,,,,,,,,,,,,
8907,C,KL,,,,,,,,,,,,,,,,,,,,,,,,,,,,,,
8908,C,OR,,,,,,,,,,,,,,,,,,,,,,,,,,,,,,
8909,C,UW,,,,,,,,,,,,,,,,,,,,,,,,,,,,,,
8910,-,--,,,,,,,,,,,,,,,,,,,,,,,,,,,,,,
8911,-,--,,,,,,,,,,,,,,,,,,,,,,,,,,,,,,
8912,$,$$,,,,,,,,,,,,,,,,,,,,,,,,,,,,,,
8913,$,$$,,,,,,,,,,,,,,,,,,,,,,,,,,,,,,
8914,$,$$,,,,,,,,,,,,,,,,,,,,,,,,,,,,,,
8915,-,--,,,,,,,,,,,,,,,,,,,,,,,,,,,,,,
8916,$,$$,,,,,,,,,,,,,,,,,,,,,,,,,,,,,,
8917,-,--,,,,,,,,,,,,,,,,,,,,,,,,,,,,,,
8918,-,--,,,,,,,,,,,,,,,,,,,,,,,,,,,,,,
8919,-,--,,,,,,,,,,,,,,,,,,,,,,,,,,,,,,
8920,-,--,,,,,,,,,,,,,,,,,,,,,,,,,,,,,,
8921,-,--,,,,,,,,,,,,,,,,,,,,,,,,,,,,,,
8922,U,UE,,,,,,,,,,,,,,,,,,,,,,,,,,,,,,
8923,U,UW,,,,,,,,,,,,,,,,,,,,,,,,,,,,,,
8924,U,UE,,,,,,,,,,,,,,,,,,,,,,,,,,,,,,
8925,y,TN,,,,,,,,,,,,,,,,,,,,,,,,,,,,,,
8926,y,WB,,,,,,,,,,,,,,,,,,,,,,,,,,,,,,
8927,R,WB,,,,,,,,,,,,,,,,,,,,,,,,,,,,,,
8928,R,MH,,,,,,,,,,,,,,,,,,,,,,,,,,,,,,
8929,R,HR,,,,,,,,,,,,,,,,,,,,,,,,,,,,,,
8930,V,HR,,,,,,,,,,,,,,,,,,,,,,,,,,,,,,
8931,U,UE,,,,,,,,,,,,,,,,,,,,,,,,,,,,,,
8932,I,UE,,,,,,,,,,,,,,,,,,,,,,,,,,,,,,
8933,I,UE,,,,,,,,,,,,,,,,,,,,,,,,,,,,,,
8934,I,UE,,,,,,,,,,,,,,,,,,,,,,,,,,,,,,
8935,*,**,,,,,,,,,,,,,,,,,,,,,,,,,,,,,,
8936,*,**,,,,,,,,,,,,,,,,,,,,,,,,,,,,,,
8937,I,UW,,,,,,,,,,,,,,,,,,,,,,,,,,,,,,
8938,I,UW,,,,,,,,,,,,,,,,,,,,,,,,,,,,,,
8939,V,CH,,,,,,,,,,,,,,,,,,,,,,,,,,,,,,
8940,V,TN,,,,,,,,,,,,,,,,,,,,,,,,,,,,,,
8941,I,UW,,,,,,,,,,,,,,,,,,,,,,,,,,,,,,
8942,U,WB,,,,,,,,,,,,,,,,,,,,,,,,,,,,,,
8943,V,KL,,,,,,,,,,,,,,,,,,,,,,,,,,,,,,
8944,U,WB,,,,,,,,,,,,,,,,,,,,,,,,,,,,,,
8945,U,WB,,,,,,,,,,,,,,,,,,,,,,,,,,,,,,
8946,*,**,,,,,,,,,,,,,,,,,,,,,,,,,,,,,,
8947,C,RJ,,,,,,,,,,,,,,,,,,,,,,,,,,,,,,
8948,V,UE,,,,,,,,,,,,,,,,,,,,,,,,,,,,,,
8949,-,--,,,,,,,,,,,,,,,,,,,,,,,,,,,,,,
8950,T,HR,,,,,,,,,,,,,,,,,,,,,,,,,,,,,,
8951,T,KN,,,,,,,,,,,,,,,,,,,,,,,,,,,,,,
8952,C,RJ,,,,,,,,,,,,,,,,,,,,,,,,,,,,,,
8953,A,UE,,,,,,,,,,,,,,,,,,,,,,,,,,,,,,
8954,V,UW,,,,,,,,,,,,,,,,,,,,,,,,,,,,,,
8955,R,RJ,,,,,,,,,,,,,,,,,,,,,,,,,,,,,,
8956,R,MH,,,,,,,,,,,,,,,,,,,,,,,,,,,,,,
8957,R,UE,,,,,,,,,,,,,,,,,,,,,,,,,,,,,,
8958,I,UW,,,,,,,,,,,,,,,,,,,,,,,,,,,,,,
8959,I,MP,,,,,,,,,,,,,,,,,,,,,,,,,,,,,,
8960,T,UE,,,,,,,,,,,,,,,,,,,,,,,,,,,,,,
8961,T,KO,,,,,,,,,,,,,,,,,,,,,,,,,,,,,,
8962,T,MP,,,,,,,,,,,,,,,,,,,,,,,,,,,,,,
8963,*,**,,,,,,,,,,,,,,,,,,,,,,,,,,,,,,
8964,I,MP,,,,,,,,,,,,,,,,,,,,,,,,,,,,,,
8965,I,MP,,,,,,,,,,,,,,,,,,,,,,,,,,,,,,
8966,I,MP,,,,,,,,,,,,,,,,,,,,,,,,,,,,,,
8967,A,WB,,,,,,,,,,,,,,,,,,,,,,,,,,,,,,
8968,A,PB,,,,,,,,,,,,,,,,,,,,,,,,,,,,,,
8969,A,BR,,,,,,,,,,,,,,,,,,,,,,,,,,,,,,
8970,I,KN,,,,,,,,,,,,,,,,,,,,,,,,,,,,,,
8971,A,KN,,,,,,,,,,,,,,,,,,,,,,,,,,,,,,
8972,A,WB,,,,,,,,,,,,,,,,,,,,,,,,,,,,,,
8973,C,TN,,,,,,,,,,,,,,,,,,,,,,,,,,,,,,
8974,A,NE,,,,,,,,,,,,,,,,,,,,,,,,,,,,,,
8975,I,MH,,,,,,,,,,,,,,,,,,,,,,,,,,,,,,
8976,T,MU,,,,,,,,,,,,,,,,,,,,,,,,,,,,,,
8977,T,AP,,,,,,,,,,,,,,,,,,,,,,,,,,,,,,
8978,A,AP,,,,,,,,,,,,,,,,,,,,,,,,,,,,,,
8979,A,UW,,,,,,,,,,,,,,,,,,,,,,,,,,,,,,
8980,V,GJ,,,,,,,,,,,,,,,,,,,,,,,,,,,,,,
8981,T,KO,,,,,,,,,,,,,,,,,,,,,,,,,,,,,,
8982,T,MP,,,,,,,,,,,,,,,,,,,,,,,,,,,,,,
8983,T,MH,,,,,,,,,,,,,,,,,,,,,,,,,,,,,,
8984,T,OR,,,,,,,,,,,,,,,,,,,,,,,,,,,,,,
8985,B,AP,,,,,,,,,,,,,,,,,,,,,,,,,,,,,,
8986,B,BR,,,,,,,,,,,,,,,,,,,,,,,,,,,,,,
8987,B,BR,,,,,,,,,,,,,,,,,,,,,,,,,,,,,,
8988,B,HP,,,,,,,,,,,,,,,,,,,,,,,,,,,,,,
8989,B,MP,,,,,,,,,,,,,,,,,,,,,,,,,,,,,,
8990,#,##,,,,,,,,,,,,,,,,,,,,,,,,,,,,,,
8991,#,##,,,,,,,,,,,,,,,,,,,,,,,,,,,,,,
8992,#,##,,,,,,,,,,,,,,,,,,,,,,,,,,,,,,
8993,#,##,,,,,,,,,,,,,,,,,,,,,,,,,,,,,,
8994,#,##,,,,,,,,,,,,,,,,,,,,,,,,,,,,,,
8995,#,##,,,,,,,,,,,,,,,,,,,,,,,,,,,,,,
8996,#,##,,,,,,,,,,,,,,,,,,,,,,,,,,,,,,
8997,#,##,,,,,,,,,,,,,,,,,,,,,,,,,,,,,,
8998,#,##,,,,,,,,,,,,,,,,,,,,,,,,,,,,,,
8999,#,##,,,,,,,,,,,,,,,,,,,,,,,,,,,,,,
9000,A,AP,,,,,,,,,,,,,,,,,,,,,,,,,,,,,,
9001,A,RJ,,,,,,,,,,,,,,,,,,,,,,,,,,,,,,
9002,A,WB,,,,,,,,,,,,,,,,,,,,,,,,,,,,,,
9003,A,TN,,,,,,,,,,,,,,,,,,,,,,,,,,,,,,
9004,A,MU,,,,,,,,,,,,,,,,,,,,,,,,,,,,,,
9005,A,UE,,,,,,,,,,,,,,,,,,,,,,,,,,,,,,
9006,A,BR,,,,,,,,,,,,,,,,,,,,,,,,,,,,,,
9007,A,KO,,,,,,,,,,,,,,,,,,,,,,,,,,,,,,
9008,A,KN,,,,,,,,,,,,,,,,,,,,,,,,,,,,,,
9009,I,MP,,,,,,,,,,,,,,,,,,,,,,,,,,,,,,
9010,I,AP,,,,,,,,,,,,,,,,,,,,,,,,,,,,,,
9011,I,MH,,,,,,,,,,,,,,,,,,,,,,,,,,,,,,
9012,I,UW,,,,,,,,,,,,,,,,,,,,,,,,,,,,,,
9013,M,DL,,,,,,,,,,,,,,,,,,,,,,,,,,,,,,
9014,R,AP,,,,,,,,,,,,,,,,,,,,,,,,,,,,,,
9015,R,DL,,,,,,,,,,,,,,,,,,,,,,,,,,,,,,
9016,R,GJ,,,,,,,,,,,,,,,,,,,,,,,,,,,,,,
9017,R,HR,,,,,,,,,,,,,,,,,,,,,,,,,,,,,,
9018,R,JK,,,,,,,,,,,,,,,,,,,,,,,,,,,,,,
9019,R,KN,,,,,,,,,,,,,,,,,,,,,,,,,,,,,,
9020,R,KL,,,,,,,,,,,,,,,,,,,,,,,,,,,,,,
9021,R,MH,,,,,,,,,,,,,,,,,,,,,,,,,,,,,,
9022,R,MU,,,,,,,,,,,,,,,,,,,,,,,,,,,,,,
9023,R,PB,,,,,,,,,,,,,,,,,,,,,,,,,,,,,,
9024,R,RJ,,,,,,,,,,,,,,,,,,,,,,,,,,,,,,
9025,R,TN,,,,,,,,,,,,,,,,,,,,,,,,,,,,,,
9026,R,UE,,,,,,,,,,,,,,,,,,,,,,,,,,,,,,
9027,R,UW,,,,,,,,,,,,,,,,,,,,,,,,,,,,,,
9028,T,MH,,,,,,,,,,,,,,,,,,,,,,,,,,,,,,
9029,T,MU,,,,,,,,,,,,,,,,,,,,,,,,,,,,,,
9030,T,AP,,,,,,,,,,,,,,,,,,,,,,,,,,,,,,
9031,T,BR,,,,,,,,,,,,,,,,,,,,,,,,,,,,,,
9032,T,AP,,,,,,,,,,,,,,,,,,,,,,,,,,,,,,
9033,T,GJ,,,,,,,,,,,,,,,,,,,,,,,,,,,,,,
9034,T,HR,,,,,,,,,,,,,,,,,,,,,,,,,,,,,,
9035,T,KN,,,,,,,,,,,,,,,,,,,,,,,,,,,,,,
9036,T,KN,,,,,,,,,,,,,,,,,,,,,,,,,,,,,,
9037,T,KL,,,,,,,,,,,,,,,,,,,,,,,,,,,,,,
9038,T,KO,,,,,,,,,,,,,,,,,,,,,,,,,,,,,,
9039,T,MP,,,,,,,,,,,,,,,,,,,,,,,,,,,,,,
9040,T,OR,,,,,,,,,,,,,,,,,,,,,,,,,,,,,,
9041,T,PB,,,,,,,,,,,,,,,,,,,,,,,,,,,,,,
9042,T,TN,,,,,,,,,,,,,,,,,,,,,,,,,,,,,,
9043,T,TN,,,,,,,,,,,,,,,,,,,,,,,,,,,,,,
9044,T,UE,,,,,,,,,,,,,,,,,,,,,,,,,,,,,,
9045,T,UW,,,,,,,,,,,,,,,,,,,,,,,,,,,,,,
9046,T,WB,,,,,,,,,,,,,,,,,,,,,,,,,,,,,,
9047,V,TN,,,,,,,,,,,,,,,,,,,,,,,,,,,,,,
9048,V,KL,,,,,,,,,,,,,,,,,,,,,,,,,,,,,,
9049,V,MH,,,,,,,,,,,,,,,,,,,,,,,,,,,,,,
9050,V,HR,,,,,,,,,,,,,,,,,,,,,,,,,,,,,,
9051,V,KO,,,,,,,,,,,,,,,,,,,,,,,,,,,,,,
9052,V,AP,,,,,,,,,,,,,,,,,,,,,,,,,,,,,,
9053,U,HR,,,,,,,,,,,,,,,,,,,,,,,,,,,,,,
9054,U,HP,,,,,,,,,,,,,,,,,,,,,,,,,,,,,,
9055,U,JK,,,,,,,,,,,,,,,,,,,,,,,,,,,,,,
9056,U,PB,,,,,,,,,,,,,,,,,,,,,,,,,,,,,,
9057,U,RJ,,,,,,,,,,,,,,,,,,,,,,,,,,,,,,
9058,U,UW,,,,,,,,,,,,,,,,,,,,,,,,,,,,,,
9059,U,AP,,,,,,,,,,,,,,,,,,,,,,,,,,,,,,
9060,U,KN,,,,,,,,,,,,,,,,,,,,,,,,,,,,,,
9061,U,KL,,,,,,,,,,,,,,,,,,,,,,,,,,,,,,
9062,U,KO,,,,,,,,,,,,,,,,,,,,,,,,,,,,,,
9063,D,AP,,,,,,,,,,,,,,,,,,,,,,,,,,,,,,
9064,D,AS,,,,,,,,,,,,,,,,,,,,,,,,,,,,,,
9065,D,BR,,,,,,,,,,,,,,,,,,,,,,,,,,,,,,
9066,C,KN,,,,,,,,,,,,,,,,,,,,,,,,,,,,,,
9067,D,GJ,,,,,,,,,,,,,,,,,,,,,,,,,,,,,,
9068,D,HR,,,,,,,,,,,,,,,,,,,,,,,,,,,,,,
9069,D,HP,,,,,,,,,,,,,,,,,,,,,,,,,,,,,,
9070,D,JK,,,,,,,,,,,,,,,,,,,,,,,,,,,,,,
9071,D,KN,,,,,,,,,,,,,,,,,,,,,,,,,,,,,,
9072,D,KL,,,,,,,,,,,,,,,,,,,,,,,,,,,,,,
9073,D,KO,,,,,,,,,,,,,,,,,,,,,,,,,,,,,,
9074,D,MP,,,,,,,,,,,,,,,,,,,,,,,,,,,,,,
9075,I,MH,,,,,,,,,,,,,,,,,,,,,,,,,,,,,,
9076,D,MU,,,,,,,,,,,,,,,,,,,,,,,,,,,,,,
9077,D,NE,,,,,,,,,,,,,,,,,,,,,,,,,,,,,,
9078,D,OR,,,,,,,,,,,,,,,,,,,,,,,,,,,,,,
9079,D,RJ,,,,,,,,,,,,,,,,,,,,,,,,,,,,,,
9080,D,TN,,,,,,,,,,,,,,,,,,,,,,,,,,,,,,
9081,D,UE,,,,,,,,,,,,,,,,,,,,,,,,,,,,,,
9082,D,UW,,,,,,,,,,,,,,,,,,,,,,,,,,,,,,
9083,D,WB,,,,,,,,,,,,,,,,,,,,,,,,,,,,,,
9084,U,UW,,,,,,,,,,,,,,,,,,,,,,,,,,,,,,
9085,I,AS,,,,,,,,,,,,,,,,,,,,,,,,,,,,,,
9086,I,JK,,,,,,,,,,,,,,,,,,,,,,,,,,,,,,
9087,I,TN,,,,,,,,,,,,,,,,,,,,,,,,,,,,,,
9088,I,KO,,,,,,,,,,,,,,,,,,,,,,,,,,,,,,
9089,I,NE,,,,,,,,,,,,,,,,,,,,,,,,,,,,,,
9090,I,OR,,,,,,,,,,,,,,,,,,,,,,,,,,,,,,
9091,I,WB,,,,,,,,,,,,,,,,,,,,,,,,,,,,,,
9092,I,TN,,,,,,,,,,,,,,,,,,,,,,,,,,,,,,
9093,I,WB,,,,,,,,,,,,,,,,,,,,,,,,,,,,,,
9094,C,CH,,,,,,,,,,,,,,,,,,,,,,,,,,,,,,
9095,C,TN,,,,,,,,,,,,,,,,,,,,,,,,,,,,,,
9096,A,MH,,,,,,,,,,,,,,,,,,,,,,,,,,,,,,
9097,C,BR,,,,,,,,,,,,,,,,,,,,,,,,,,,,,,
9098,R,MP,,,,,,,,,,,,,,,,,,,,,,,,,,,,,,
9099,V,GJ,,,,,,,,,,,,,,,,,,,,,,,,,,,,,,
9100,L,AP,,,,,,,,,,,,,,,,,,,,,,,,,,,,,,
9101,L,AS,,,,,,,,,,,,,,,,,,,,,,,,,,,,,,
9102,L,BR,,,,,,,,,,,,,,,,,,,,,,,,,,,,,,
9103,R,JK,,,,,,,,,,,,,,,,,,,,,,,,,,,,,,
9104,L,GJ,,,,,,,,,,,,,,,,,,,,,,,,,,,,,,
9105,L,HR,,,,,,,,,,,,,,,,,,,,,,,,,,,,,,
9106,L,HP,,,,,,,,,,,,,,,,,,,,,,,,,,,,,,
9107,L,JK,,,,,,,,,,,,,,,,,,,,,,,,,,,,,,
9108,L,KN,,,,,,,,,,,,,,,,,,,,,,,,,,,,,,
9109,L,KL,,,,,,,,,,,,,,,,,,,,,,,,,,,,,,
9110,L,KO,,,,,,,,,,,,,,,,,,,,,,,,,,,,,,
9111,L,MP,,,,,,,,,,,,,,,,,,,,,,,,,,,,,,
9112,L,MH,,,,,,,,,,,,,,,,,,,,,,,,,,,,,,
9113,L,NE,,,,,,,,,,,,,,,,,,,,,,,,,,,,,,
9114,L,OR,,,,,,,,,,,,,,,,,,,,,,,,,,,,,,
9115,L,PB,,,,,,,,,,,,,,,,,,,,,,,,,,,,,,
9116,L,RJ,,,,,,,,,,,,,,,,,,,,,,,,,,,,,,
9117,L,TN,,,,,,,,,,,,,,,,,,,,,,,,,,,,,,
9118,L,UE,,,,,,,,,,,,,,,,,,,,,,,,,,,,,,
9119,L,UW,,,,,,,,,,,,,,,,,,,,,,,,,,,,,,
9120,L,WB,,,,,,,,,,,,,,,,,,,,,,,,,,,,,,
9121,U,AS,,,,,,,,,,,,,,,,,,,,,,,,,,,,,,
9122,U,BR,,,,,,,,,,,,,,,,,,,,,,,,,,,,,,
9123,U,NE,,,,,,,,,,,,,,,,,,,,,,,,,,,,,,
9124,U,OR,,,,,,,,,,,,,,,,,,,,,,,,,,,,,,
9125,U,UE,,,,,,,,,,,,,,,,,,,,,,,,,,,,,,
9126,U,WB,,,,,,,,,,,,,,,,,,,,,,,,,,,,,,
9127,Q,AS,,,,,,,,,,,,,,,,,,,,,,,,,,,,,,
9128,Q,BR,,,,,,,,,,,,,,,,,,,,,,,,,,,,,,
9129,Q,HP,,,,,,,,,,,,,,,,,,,,,,,,,,,,,,
9130,I,MH,,,,,,,,,,,,,,,,,,,,,,,,,,,,,,
9131,Q,NE,,,,,,,,,,,,,,,,,,,,,,,,,,,,,,
9132,Q,OR,,,,,,,,,,,,,,,,,,,,,,,,,,,,,,
9133,y,AP,,,,,,,,,,,,,,,,,,,,,,,,,,,,,,
9134,y,AS,,,,,,,,,,,,,,,,,,,,,,,,,,,,,,
9135,y,BR,,,,,,,,,,,,,,,,,,,,,,,,,,,,,,
9136,y,DL,,,,,,,,,,,,,,,,,,,,,,,,,,,,,,
9137,y,GJ,,,,,,,,,,,,,,,,,,,,,,,,,,,,,,
9138,y,HR,,,,,,,,,,,,,,,,,,,,,,,,,,,,,,
9139,y,HP,,,,,,,,,,,,,,,,,,,,,,,,,,,,,,
9140,y,JK,,,,,,,,,,,,,,,,,,,,,,,,,,,,,,
9141,y,KN,,,,,,,,,,,,,,,,,,,,,,,,,,,,,,
9142,y,KL,,,,,,,,,,,,,,,,,,,,,,,,,,,,,,
9143,y,KO,,,,,,,,,,,,,,,,,,,,,,,,,,,,,,
9144,y,MP,,,,,,,,,,,,,,,,,,,,,,,,,,,,,,
9145,y,MH,,,,,,,,,,,,,,,,,,,,,,,,,,,,,,
9146,y,MU,,,,,,,,,,,,,,,,,,,,,,,,,,,,,,
9147,y,NE,,,,,,,,,,,,,,,,,,,,,,,,,,,,,,
9148,y,OR,,,,,,,,,,,,,,,,,,,,,,,,,,,,,,
9149,y,PB,,,,,,,,,,,,,,,,,,,,,,,,,,,,,,
9150,y,TN,,,,,,,,,,,,,,,,,,,,,,,,,,,,,,
9151,U,UE,,,,,,,,,,,,,,,,,,,,,,,,,,,,,,
9152,y,UW,,,,,,,,,,,,,,,,,,,,,,,,,,,,,,
9153,y,WB,,,,,,,,,,,,,,,,,,,,,,,,,,,,,,
9154,U,AP,,,,,,,,,,,,,,,,,,,,,,,,,,,,,,
9155,U,BR,,,,,,,,,,,,,,,,,,,,,,,,,,,,,,
9156,U,MH,,,,,,,,,,,,,,,,,,,,,,,,,,,,,,
9157,U,GJ,,,,,,,,,,,,,,,,,,,,,,,,,,,,,,
9158,V,MH,,,,,,,,,,,,,,,,,,,,,,,,,,,,,,
9159,V,TN,,,,,,,,,,,,,,,,,,,,,,,,,,,,,,
9160,V,AP,,,,,,,,,,,,,,,,,,,,,,,,,,,,,,
9161,V,UE,,,,,,,,,,,,,,,,,,,,,,,,,,,,,,
9162,A,BR,,,,,,,,,,,,,,,,,,,,,,,,,,,,,,
9163,A,KO,,,,,,,,,,,,,,,,,,,,,,,,,,,,,,
9164,I,KN,,,,,,,,,,,,,,,,,,,,,,,,,,,,,,
9165,I,MP,,,,,,,,,,,,,,,,,,,,,,,,,,,,,,
9166,A,RJ,,,,,,,,,,,,,,,,,,,,,,,,,,,,,,
9167,V,MU,,,,,,,,,,,,,,,,,,,,,,,,,,,,,,
9168,V,MH,,,,,,,,,,,,,,,,,,,,,,,,,,,,,,
9169,C,UE,,,,,,,,,,,,,,,,,,,,,,,,,,,,,,
9170,U,UE,,,,,,,,,,,,,,,,,,,,,,,,,,,,,,
9171,U,TN,,,,,,,,,,,,,,,,,,,,,,,,,,,,,,
9172,U,MU,,,,,,,,,,,,,,,,,,,,,,,,,,,,,,
9173,U,GJ,,,,,,,,,,,,,,,,,,,,,,,,,,,,,,
9174,U,MP,,,,,,,,,,,,,,,,,,,,,,,,,,,,,,
9175,U,MH,,,,,,,,,,,,,,,,,,,,,,,,,,,,,,
9176,V,CH,,,,,,,,,,,,,,,,,,,,,,,,,,,,,,
9177,A,AP,,,,,,,,,,,,,,,,,,,,,,,,,,,,,,
9178,A,OR,,,,,,,,,,,,,,,,,,,,,,,,,,,,,,
9179,A,MP,,,,,,,,,,,,,,,,,,,,,,,,,,,,,,
9180,b,AP,,,,,,,,,,,,,,,,,,,,,,,,,,,,,,
9181,b,AS,,,,,,,,,,,,,,,,,,,,,,,,,,,,,,
9182,b,BR,,,,,,,,,,,,,,,,,,,,,,,,,,,,,,
9183,b,CH,,,,,,,,,,,,,,,,,,,,,,,,,,,,,,
9184,b,GJ,,,,,,,,,,,,,,,,,,,,,,,,,,,,,,
9185,b,HP,,,,,,,,,,,,,,,,,,,,,,,,,,,,,,
9186,b,JK,,,,,,,,,,,,,,,,,,,,,,,,,,,,,,
9187,b,KN,,,,,,,,,,,,,,,,,,,,,,,,,,,,,,
9188,b,KL,,,,,,,,,,,,,,,,,,,,,,,,,,,,,,
9189,b,KO,,,,,,,,,,,,,,,,,,,,,,,,,,,,,,
9190,b,MP,,,,,,,,,,,,,,,,,,,,,,,,,,,,,,
9191,b,NE,,,,,,,,,,,,,,,,,,,,,,,,,,,,,,
9192,b,OR,,,,,,,,,,,,,,,,,,,,,,,,,,,,,,
9193,b,PB,,,,,,,,,,,,,,,,,,,,,,,,,,,,,,
9194,b,RJ,,,,,,,,,,,,,,,,,,,,,,,,,,,,,,
9195,b,TN,,,,,,,,,,,,,,,,,,,,,,,,,,,,,,
9196,b,UE,,,,,,,,,,,,,,,,,,,,,,,,,,,,,,
9197,b,WB,,,,,,,,,,,,,,,,,,,,,,,,,,,,,,
9198,A,UE,,,,,,,,,,,,,,,,,,,,,,,,,,,,,,
9199,A,BR,,,,,,,,,,,,,,,,,,,,,,,,,,,,,,
9200,t,MP,,,,,,,,,,,,,,,,,,,,,,,,,,,,,,
9201,t,MP,,,,,,,,,,,,,,,,,,,,,,,,,,,,,,
9202,t,MP,,,,,,,,,,,,,,,,,,,,,,,,,,,,,,
9203,t,MP,,,,,,,,,,,,,,,,,,,,,,,,,,,,,,
9204,t,BR,,,,,,,,,,,,,,,,,,,,,,,,,,,,,,
9205,t,JK,,,,,,,,,,,,,,,,,,,,,,,,,,,,,,
9206,t,NE,,,,,,,,,,,,,,,,,,,,,,,,,,,,,,
9207,t,AS,,,,,,,,,,,,,,,,,,,,,,,,,,,,,,
9208,t,UE,,,,,,,,,,,,,,,,,,,,,,,,,,,,,,
9209,t,MH,,,,,,,,,,,,,,,,,,,,,,,,,,,,,,
9210,t,DL,,,,,,,,,,,,,,,,,,,,,,,,,,,,,,
9211,t,DL,,,,,,,,,,,,,,,,,,,,,,,,,,,,,,
9212,t,DL,,,,,,,,,,,,,,,,,,,,,,,,,,,,,,
9213,t,DL,,,,,,,,,,,,,,,,,,,,,,,,,,,,,,
9214,t,RJ,,,,,,,,,,,,,,,,,,,,,,,,,,,,,,
9215,t,HR,,,,,,,,,,,,,,,,,,,,,,,,,,,,,,
9216,t,PB,,,,,,,,,,,,,,,,,,,,,,,,,,,,,,
9217,t,PB,,,,,,,,,,,,,,,,,,,,,,,,,,,,,,
9218,t,HP,,,,,,,,,,,,,,,,,,,,,,,,,,,,,,
9219,t,UW,,,,,,,,,,,,,,,,,,,,,,,,,,,,,,
9220,t,MU,,,,,,,,,,,,,,,,,,,,,,,,,,,,,,
9221,t,MU,,,,,,,,,,,,,,,,,,,,,,,,,,,,,,
9222,t,MU,,,,,,,,,,,,,,,,,,,,,,,,,,,,,,
9223,t,MU,,,,,,,,,,,,,,,,,,,,,,,,,,,,,,
9224,t,MU,,,,,,,,,,,,,,,,,,,,,,,,,,,,,,
9225,t,MH,,,,,,,,,,,,,,,,,,,,,,,,,,,,,,
9226,t,MH,,,,,,,,,,,,,,,,,,,,,,,,,,,,,,
9227,t,GJ,,,,,,,,,,,,,,,,,,,,,,,,,,,,,,
9228,t,GJ,,,,,,,,,,,,,,,,,,,,,,,,,,,,,,
9229,t,MP,,,,,,,,,,,,,,,,,,,,,,,,,,,,,,
9230,t,KO,,,,,,,,,,,,,,,,,,,,,,,,,,,,,,
9231,t,KO,,,,,,,,,,,,,,,,,,,,,,,,,,,,,,
9232,t,WB,,,,,,,,,,,,,,,,,,,,,,,,,,,,,,
9233,t,WB,,,,,,,,,,,,,,,,,,,,,,,,,,,,,,
9234,t,BR,,,,,,,,,,,,,,,,,,,,,,,,,,,,,,
9235,t,UE,,,,,,,,,,,,,,,,,,,,,,,,,,,,,,
9236,t,UE,,,,,,,,,,,,,,,,,,,,,,,,,,,,,,
9237,t,OR,,,,,,,,,,,,,,,,,,,,,,,,,,,,,,
9238,t,OR,,,,,,,,,,,,,,,,,,,,,,,,,,,,,,
9239,t,KO,,,,,,,,,,,,,,,,,,,,,,,,,,,,,,
9240,t,CH,,,,,,,,,,,,,,,,,,,,,,,,,,,,,,
9241,t,KN,,,,,,,,,,,,,,,,,,,,,,,,,,,,,,
9242,t,KN,,,,,,,,,,,,,,,,,,,,,,,,,,,,,,
9243,t,KN,,,,,,,,,,,,,,,,,,,,,,,,,,,,,,
9244,t,TN,,,,,,,,,,,,,,,,,,,,,,,,,,,,,,
9245,t,TN,,,,,,,,,,,,,,,,,,,,,,,,,,,,,,
9246,t,AP,,,,,,,,,,,,,,,,,,,,,,,,,,,,,,
9247,t,AP,,,,,,,,,,,,,,,,,,,,,,,,,,,,,,
9248,t,AP,,,,,,,,,,,,,,,,,,,,,,,,,,,,,,
9249,t,KL,,,,,,,,,,,,,,,,,,,,,,,,,,,,,,
9250,t,DL,,,,,,,,,,,,,,,,,,,,,,,,,,,,,,
9251,t,RJ,,,,,,,,,,,,,,,,,,,,,,,,,,,,,,
9252,t,RJ,,,,,,,,,,,,,,,,,,,,,,,,,,,,,,
9253,t,HR,,,,,,,,,,,,,,,,,,,,,,,,,,,,,,
9254,t,HR,,,,,,,,,,,,,,,,,,,,,,,,,,,,,,
9255,t,HR,,,,,,,,,,,,,,,,,,,,,,,,,,,,,,
9256,t,PB,,,,,,,,,,,,,,,,,,,,,,,,,,,,,,
9257,t,PB,,,,,,,,,,,,,,,,,,,,,,,,,,,,,,
9258,t,UW,,,,,,,,,,,,,,,,,,,,,,,,,,,,,,
9259,t,UW,,,,,,,,,,,,,,,,,,,,,,,,,,,,,,
9260,t,MH,,,,,,,,,,,,,,,,,,,,,,,,,,,,,,
9261,t,RJ,,,,,,,,,,,,,,,,,,,,,,,,,,,,,,
9262,t,TN,,,,,,,,,,,,,,,,,,,,,,,,,,,,,,
9263,t,BR,,,,,,,,,,,,,,,,,,,,,,,,,,,,,,
9264,t,**,,,,,,,,,,,,,,,,,,,,,,,,,,,,,,
9265,t,MH,,,,,,,,,,,,,,,,,,,,,,,,,,,,,,
9266,t,DL,,,,,,,,,,,,,,,,,,,,,,,,,,,,,,
9267,t,UW,,,,,,,,,,,,,,,,,,,,,,,,,,,,,,
9268,t,DL,,,,,,,,,,,,,,,,,,,,,,,,,,,,,,
9269,t,RJ,,,,,,,,,,,,,,,,,,,,,,,,,,,,,,
9270,t,MH,,,,,,,,,,,,,,,,,,,,,,,,,,,,,,
9271,t,MH,,,,,,,,,,,,,,,,,,,,,,,,,,,,,,
9272,t,MH,,,,,,,,,,,,,,,,,,,,,,,,,,,,,,
9273,t,MH,,,,,,,,,,,,,,,,,,,,,,,,,,,,,,
9274,t,GJ,,,,,,,,,,,,,,,,,,,,,,,,,,,,,,
9275,t,GJ,,,,,,,,,,,,,,,,,,,,,,,,,,,,,,
9276,t,GJ,,,,,,,,,,,,,,,,,,,,,,,,,,,,,,
9277,t,GJ,,,,,,,,,,,,,,,,,,,,,,,,,,,,,,
9278,t,DL,,,,,,,,,,,,,,,,,,,,,,,,,,,,,,
9279,t,BR,,,,,,,,,,,,,,,,,,,,,,,,,,,,,,
9280,t,CH,,,,,,,,,,,,,,,,,,,,,,,,,,,,,,
9281,t,CH,,,,,,,,,,,,,,,,,,,,,,,,,,,,,,
9282,t,CH,,,,,,,,,,,,,,,,,,,,,,,,,,,,,,
9283,t,CH,,,,,,,,,,,,,,,,,,,,,,,,,,,,,,
9284,t,CH,,,,,,,,,,,,,,,,,,,,,,,,,,,,,,
9285,t,CH,,,,,,,,,,,,,,,,,,,,,,,,,,,,,,
9286,t,UW,,,,,,,,,,,,,,,,,,,,,,,,,,,,,,
9287,t,KL,,,,,,,,,,,,,,,,,,,,,,,,,,,,,,
9288,t,KL,,,,,,,,,,,,,,,,,,,,,,,,,,,,,,
9289,t,DL,,,,,,,,,,,,,,,,,,,,,,,,,,,,,,
9290,t,AP,,,,,,,,,,,,,,,,,,,,,,,,,,,,,,
9291,t,AP,,,,,,,,,,,,,,,,,,,,,,,,,,,,,,
9292,t,AP,,,,,,,,,,,,,,,,,,,,,,,,,,,,,,
9293,t,AP,,,,,,,,,,,,,,,,,,,,,,,,,,,,,,
9294,t,AP,,,,,,,,,,,,,,,,,,,,,,,,,,,,,,
9295,t,AP,,,,,,,,,,,,,,,,,,,,,,,,,,,,,,
9296,t,AP,,,,,,,,,,,,,,,,,,,,,,,,,,,,,,
9297,t,AP,,,,,,,,,,,,,,,,,,,,,,,,,,,,,,
9298,t,AP,,,,,,,,,,,,,,,,,,,,,,,,,,,,,,
9299,t,AP,,,,,,,,,,,,,,,,,,,,,,,,,,,,,,
9300,r,MP,,,,,,,,,,,,,,,,,,,,,,,,,,,,,,
9301,r,MP,,,,,,,,,,,,,,,,,,,,,,,,,,,,,,
9302,r,MP,,,,,,,,,,,,,,,,,,,,,,,,,,,,,,
9303,r,MP,,,,,,,,,,,,,,,,,,,,,,,,,,,,,,
9304,r,BR,,,,,,,,,,,,,,,,,,,,,,,,,,,,,,
9305,r,UE,,,,,,,,,,,,,,,,,,,,,,,,,,,,,,
9306,r,JK,,,,,,,,,,,,,,,,,,,,,,,,,,,,,,
9307,r,UE,,,,,,,,,,,,,,,,,,,,,,,,,,,,,,
9308,r,BR,,,,,,,,,,,,,,,,,,,,,,,,,,,,,,
9309,r,RJ,,,,,,,,,,,,,,,,,,,,,,,,,,,,,,
9310,r,DL,,,,,,,,,,,,,,,,,,,,,,,,,,,,,,
9311,r,DL,,,,,,,,,,,,,,,,,,,,,,,,,,,,,,
9312,r,DL,,,,,,,,,,,,,,,,,,,,,,,,,,,,,,
9313,r,DL,,,,,,,,,,,,,,,,,,,,,,,,,,,,,,
9314,r,RJ,,,,,,,,,,,,,,,,,,,,,,,,,,,,,,
9315,r,HR,,,,,,,,,,,,,,,,,,,,,,,,,,,,,,
9316,r,PB,,,,,,,,,,,,,,,,,,,,,,,,,,,,,,
9317,r,PB,,,,,,,,,,,,,,,,,,,,,,,,,,,,,,
9318,r,HP,,,,,,,,,,,,,,,,,,,,,,,,,,,,,,
9319,r,UW,,,,,,,,,,,,,,,,,,,,,,,,,,,,,,
9320,r,MU,,,,,,,,,,,,,,,,,,,,,,,,,,,,,,
9321,r,MU,,,,,,,,,,,,,,,,,,,,,,,,,,,,,,
9322,r,MU,,,,,,,,,,,,,,,,,,,,,,,,,,,,,,
9323,r,MU,,,,,,,,,,,,,,,,,,,,,,,,,,,,,,
9324,r,MU,,,,,,,,,,,,,,,,,,,,,,,,,,,,,,
9325,r,MH,,,,,,,,,,,,,,,,,,,,,,,,,,,,,,
9326,r,MH,,,,,,,,,,,,,,,,,,,,,,,,,,,,,,
9327,r,GJ,,,,,,,,,,,,,,,,,,,,,,,,,,,,,,
9328,r,GJ,,,,,,,,,,,,,,,,,,,,,,,,,,,,,,
9329,r,MP,,,,,,,,,,,,,,,,,,,,,,,,,,,,,,
9330,r,KO,,,,,,,,,,,,,,,,,,,,,,,,,,,,,,
9331,r,KO,,,,,,,,,,,,,,,,,,,,,,,,,,,,,,
9332,r,WB,,,,,,,,,,,,,,,,,,,,,,,,,,,,,,
9333,r,WB,,,,,,,,,,,,,,,,,,,,,,,,,,,,,,
9334,r,BR,,,,,,,,,,,,,,,,,,,,,,,,,,,,,,
9335,r,UE,,,,,,,,,,,,,,,,,,,,,,,,,,,,,,
9336,r,UE,,,,,,,,,,,,,,,,,,,,,,,,,,,,,,
9337,r,OR,,,,,,,,,,,,,,,,,,,,,,,,,,,,,,
9338,r,OR,,,,,,,,,,,,,,,,,,,,,,,,,,,,,,
9339,r,KO,,,,,,,,,,,,,,,,,,,,,,,,,,,,,,
9340,r,CH,,,,,,,,,,,,,,,,,,,,,,,,,,,,,,
9341,r,KN,,,,,,,,,,,,,,,,,,,,,,,,,,,,,,
9342,r,KN,,,,,,,,,,,,,,,,,,,,,,,,,,,,,,
9343,r,KN,,,,,,,,,,,,,,,,,,,,,,,,,,,,,,
9344,r,TN,,,,,,,,,,,,,,,,,,,,,,,,,,,,,,
9345,r,TN,,,,,,,,,,,,,,,,,,,,,,,,,,,,,,
9346,r,AP,,,,,,,,,,,,,,,,,,,,,,,,,,,,,,
9347,r,AP,,,,,,,,,,,,,,,,,,,,,,,,,,,,,,
9348,r,AP,,,,,,,,,,,,,,,,,,,,,,,,,,,,,,
9349,r,KL,,,,,,,,,,,,,,,,,,,,,,,,,,,,,,
9350,r,DL,,,,,,,,,,,,,,,,,,,,,,,,,,,,,,
9351,r,RJ,,,,,,,,,,,,,,,,,,,,,,,,,,,,,,
9352,r,RJ,,,,,,,,,,,,,,,,,,,,,,,,,,,,,,
9353,r,KN,,,,,,,,,,,,,,,,,,,,,,,,,,,,,,
9354,r,HR,,,,,,,,,,,,,,,,,,,,,,,,,,,,,,
9355,r,HR,,,,,,,,,,,,,,,,,,,,,,,,,,,,,,
9356,r,PB,,,,,,,,,,,,,,,,,,,,,,,,,,,,,,
9357,r,PB,,,,,,,,,,,,,,,,,,,,,,,,,,,,,,
9358,r,UW,,,,,,,,,,,,,,,,,,,,,,,,,,,,,,
9359,r,UW,,,,,,,,,,,,,,,,,,,,,,,,,,,,,,
9360,r,TN,,,,,,,,,,,,,,,,,,,,,,,,,,,,,,
9361,r,TN,,,,,,,,,,,,,,,,,,,,,,,,,,,,,,
9362,r,TN,,,,,,,,,,,,,,,,,,,,,,,,,,,,,,
9363,r,TN,,,,,,,,,,,,,,,,,,,,,,,,,,,,,,
9364,r,TN,,,,,,,,,,,,,,,,,,,,,,,,,,,,,,
9365,r,TN,,,,,,,,,,,,,,,,,,,,,,,,,,,,,,
9366,r,TN,,,,,,,,,,,,,,,,,,,,,,,,,,,,,,
9367,r,TN,,,,,,,,,,,,,,,,,,,,,,,,,,,,,,
9368,r,UW,,,,,,,,,,,,,,,,,,,,,,,,,,,,,,
9369,r,UE,,,,,,,,,,,,,,,,,,,,,,,,,,,,,,
9370,r,MH,,,,,,,,,,,,,,,,,,,,,,,,,,,,,,
9371,r,MH,,,,,,,,,,,,,,,,,,,,,,,,,,,,,,
9372,r,MH,,,,,,,,,,,,,,,,,,,,,,,,,,,,,,
9373,r,MH,,,,,,,,,,,,,,,,,,,,,,,,,,,,,,
9374,r,GJ,,,,,,,,,,,,,,,,,,,,,,,,,,,,,,
9375,r,GJ,,,,,,,,,,,,,,,,,,,,,,,,,,,,,,
9376,r,GJ,,,,,,,,,,,,,,,,,,,,,,,,,,,,,,
9377,r,GJ,,,,,,,,,,,,,,,,,,,,,,,,,,,,,,
9378,r,WB,,,,,,,,,,,,,,,,,,,,,,,,,,,,,,
9379,r,KN,,,,,,,,,,,,,,,,,,,,,,,,,,,,,,
9380,r,CH,,,,,,,,,,,,,,,,,,,,,,,,,,,,,,
9381,r,CH,,,,,,,,,,,,,,,,,,,,,,,,,,,,,,
9382,r,CH,,,,,,,,,,,,,,,,,,,,,,,,,,,,,,
9383,r,CH,,,,,,,,,,,,,,,,,,,,,,,,,,,,,,
9384,r,CH,,,,,,,,,,,,,,,,,,,,,,,,,,,,,,
9385,r,CH,,,,,,,,,,,,,,,,,,,,,,,,,,,,,,
9386,r,BR,,,,,,,,,,,,,,,,,,,,,,,,,,,,,,
9387,r,KL,,,,,,,,,,,,,,,,,,,,,,,,,,,,,,
9388,r,KL,,,,,,,,,,,,,,,,,,,,,,,,,,,,,,
9389,r,UE,,,,,,,,,,,,,,,,,,,,,,,,,,,,,,
9390,r,AP,,,,,,,,,,,,,,,,,,,,,,,,,,,,,,
9391,r,AP,,,,,,,,,,,,,,,,,,,,,,,,,,,,,,
9392,r,AP,,,,,,,,,,,,,,,,,,,,,,,,,,,,,,
9393,r,AP,,,,,,,,,,,,,,,,,,,,,,,,,,,,,,
9394,r,AP,,,,,,,,,,,,,,,,,,,,,,,,,,,,,,
9395,r,AP,,,,,,,,,,,,,,,,,,,,,,,,,,,,,,
9396,r,AP,,,,,,,,,,,,,,,,,,,,,,,,,,,,,,
9397,r,AP,,,,,,,,,,,,,,,,,,,,,,,,,,,,,,
9398,r,AP,,,,,,,,,,,,,,,,,,,,,,,,,,,,,,
9399,r,AP,,,,,,,,,,,,,,,,,,,,,,,,,,,,,,
9400,B,KL,,,,,,,,,,,,,,,,,,,,,,,,,,,,,,
9401,B,AS,,,,,,,,,,,,,,,,,,,,,,,,,,,,,,
9402,B,NE,,,,,,,,,,,,,,,,,,,,,,,,,,,,,,
9403,B,MH,,,,,,,,,,,,,,,,,,,,,,,,,,,,,,
9404,B,MH,,,,,,,,,,,,,,,,,,,,,,,,,,,,,,
9405,B,MH,,,,,,,,,,,,,,,,,,,,,,,,,,,,,,
9406,B,MP,,,,,,,,,,,,,,,,,,,,,,,,,,,,,,
9407,B,MP,,,,,,,,,,,,,,,,,,,,,,,,,,,,,,
9408,B,GJ,,,,,,,,,,,,,,,,,,,,,,,,,,,,,,
9409,B,GJ,,,,,,,,,,,,,,,,,,,,,,,,,,,,,,
9410,B,UW,,,,,,,,,,,,,,,,,,,,,,,,,,,,,,
9411,B,UW,,,,,,,,,,,,,,,,,,,,,,,,,,,,,,
9412,B,UW,,,,,,,,,,,,,,,,,,,,,,,,,,,,,,
9413,B,RJ,,,,,,,,,,,,,,,,,,,,,,,,,,,,,,
9414,B,RJ,,,,,,,,,,,,,,,,,,,,,,,,,,,,,,
9415,B,UE,,,,,,,,,,,,,,,,,,,,,,,,,,,,,,
9416,B,HR,,,,,,,,,,,,,,,,,,,,,,,,,,,,,,
9417,B,PB,,,,,,,,,,,,,,,,,,,,,,,,,,,,,,
9418,B,HP,,,,,,,,,,,,,,,,,,,,,,,,,,,,,,
9419,B,JK,,,,,,,,,,,,,,,,,,,,,,,,,,,,,,
9420,B,MH,,,,,,,,,,,,,,,,,,,,,,,,,,,,,,
9421,B,MH,,,,,,,,,,,,,,,,,,,,,,,,,,,,,,
9422,B,MH,,,,,,,,,,,,,,,,,,,,,,,,,,,,,,
9423,B,MH,,,,,,,,,,,,,,,,,,,,,,,,,,,,,,
9424,B,MP,,,,,,,,,,,,,,,,,,,,,,,,,,,,,,
9425,B,MP,,,,,,,,,,,,,,,,,,,,,,,,,,,,,,
9426,B,GJ,,,,,,,,,,,,,,,,,,,,,,,,,,,,,,
9427,B,GJ,,,,,,,,,,,,,,,,,,,,,,,,,,,,,,
9428,B,GJ,,,,,,,,,,,,,,,,,,,,,,,,,,,,,,
9429,B,GJ,,,,,,,,,,,,,,,,,,,,,,,,,,,,,,
9430,B,BR,,,,,,,,,,,,,,,,,,,,,,,,,,,,,,
9431,B,BR,,,,,,,,,,,,,,,,,,,,,,,,,,,,,,
9432,B,KO,,,,,,,,,,,,,,,,,,,,,,,,,,,,,,
9433,B,KO,,,,,,,,,,,,,,,,,,,,,,,,,,,,,,
9434,B,WB,,,,,,,,,,,,,,,,,,,,,,,,,,,,,,
9435,B,AS,,,,,,,,,,,,,,,,,,,,,,,,,,,,,,
9436,B,NE,,,,,,,,,,,,,,,,,,,,,,,,,,,,,,
9437,B,OR,,,,,,,,,,,,,,,,,,,,,,,,,,,,,,
9438,B,OR,,,,,,,,,,,,,,,,,,,,,,,,,,,,,,
9439,B,OR,,,,,,,,,,,,,,,,,,,,,,,,,,,,,,
9440,B,AP,,,,,,,,,,,,,,,,,,,,,,,,,,,,,,
9441,B,AP,,,,,,,,,,,,,,,,,,,,,,,,,,,,,,
9442,B,TN,,,,,,,,,,,,,,,,,,,,,,,,,,,,,,
9443,B,TN,,,,,,,,,,,,,,,,,,,,,,,,,,,,,,
9444,B,CH,,,,,,,,,,,,,,,,,,,,,,,,,,,,,,
9445,B,CH,,,,,,,,,,,,,,,,,,,,,,,,,,,,,,
9446,B,KL,,,,,,,,,,,,,,,,,,,,,,,,,,,,,,
9447,B,KL,,,,,,,,,,,,,,,,,,,,,,,,,,,,,,
9448,B,KN,,,,,,,,,,,,,,,,,,,,,,,,,,,,,,
9449,B,KN,,,,,,,,,,,,,,,,,,,,,,,,,,,,,,
9450,B,UE,,,,,,,,,,,,,,,,,,,,,,,,,,,,,,
9451,B,UE,,,,,,,,,,,,,,,,,,,,,,,,,,,,,,
9452,B,UE,,,,,,,,,,,,,,,,,,,,,,,,,,,,,,
9453,B,UE,,,,,,,,,,,,,,,,,,,,,,,,,,,,,,
9454,B,UE,,,,,,,,,,,,,,,,,,,,,,,,,,,,,,
9455,B,UE,,,,,,,,,,,,,,,,,,,,,,,,,,,,,,
9456,B,UW,,,,,,,,,,,,,,,,,,,,,,,,,,,,,,
9457,B,UW,,,,,,,,,,,,,,,,,,,,,,,,,,,,,,
9458,B,UW,,,,,,,,,,,,,,,,,,,,,,,,,,,,,,
9459,B,HP,,,,,,,,,,,,,,,,,,,,,,,,,,,,,,
9460,B,RJ,,,,,,,,,,,,,,,,,,,,,,,,,,,,,,
9461,B,RJ,,,,,,,,,,,,,,,,,,,,,,,,,,,,,,
9462,B,RJ,,,,,,,,,,,,,,,,,,,,,,,,,,,,,,
9463,B,PB,,,,,,,,,,,,,,,,,,,,,,,,,,,,,,
9464,B,PB,,,,,,,,,,,,,,,,,,,,,,,,,,,,,,
9465,B,PB,,,,,,,,,,,,,,,,,,,,,,,,,,,,,,
9466,B,HR,,,,,,,,,,,,,,,,,,,,,,,,,,,,,,
9467,B,HR,,,,,,,,,,,,,,,,,,,,,,,,,,,,,,
9468,B,**,,,,,,,,,,,,,,,,,,,,,,,,,,,,,,
9469,B,JK,,,,,,,,,,,,,,,,,,,,,,,,,,,,,,
9470,B,BR,,,,,,,,,,,,,,,,,,,,,,,,,,,,,,
9471,B,BR,,,,,,,,,,,,,,,,,,,,,,,,,,,,,,
9472,B,BR,,,,,,,,,,,,,,,,,,,,,,,,,,,,,,
9473,B,**,,,,,,,,,,,,,,,,,,,,,,,,,,,,,,
9474,B,WB,,,,,,,,,,,,,,,,,,,,,,,,,,,,,,
9475,B,WB,,,,,,,,,,,,,,,,,,,,,,,,,,,,,,
9476,B,**,,,,,,,,,,,,,,,,,,,,,,,,,,,,,,
9477,B,KO,,,,,,,,,,,,,,,,,,,,,,,,,,,,,,
9478,B,PB,,,,,,,,,,,,,,,,,,,,,,,,,,,,,,
9479,B,MP,,,,,,,,,,,,,,,,,,,,,,,,,,,,,,
9480,B,KN,,,,,,,,,,,,,,,,,,,,,,,,,,,,,,
9481,B,KN,,,,,,,,,,,,,,,,,,,,,,,,,,,,,,
9482,B,KN,,,,,,,,,,,,,,,,,,,,,,,,,,,,,,
9483,B,KN,,,,,,,,,,,,,,,,,,,,,,,,,,,,,,
9484,B,JK,,,,,,,,,,,,,,,,,,,,,,,,,,,,,,
9485,B,NE,,,,,,,,,,,,,,,,,,,,,,,,,,,,,,
9486,B,TN,,,,,,,,,,,,,,,,,,,,,,,,,,,,,,
9487,B,TN,,,,,,,,,,,,,,,,,,,,,,,,,,,,,,
9488,B,TN,,,,,,,,,,,,,,,,,,,,,,,,,,,,,,
9489,B,TN,,,,,,,,,,,,,,,,,,,,,,,,,,,,,,
9490,B,AP,,,,,,,,,,,,,,,,,,,,,,,,,,,,,,
9491,B,AP,,,,,,,,,,,,,,,,,,,,,,,,,,,,,,
9492,B,AP,,,,,,,,,,,,,,,,,,,,,,,,,,,,,,
9493,B,AP,,,,,,,,,,,,,,,,,,,,,,,,,,,,,,
9494,B,AP,,,,,,,,,,,,,,,,,,,,,,,,,,,,,,
9495,B,KL,,,,,,,,,,,,,,,,,,,,,,,,,,,,,,
9496,B,KL,,,,,,,,,,,,,,,,,,,,,,,,,,,,,,
9497,B,KL,,,,,,,,,,,,,,,,,,,,,,,,,,,,,,
9498,B,CH,,,,,,,,,,,,,,,,,,,,,,,,,,,,,,
9499,B,CH,,,,,,,,,,,,,,,,,,,,,,,,,,,,,,
9500,A,TN,,,,,,,,,,,,,,,,,,,,,,,,,,,,,,
9501,A,PB,,,,,,,,,,,,,,,,,,,,,,,,,,,,,,
9502,A,AP,,,,,,,,,,,,,,,,,,,,,,,,,,,,,,
9503,A,MH,,,,,,,,,,,,,,,,,,,,,,,,,,,,,,
9504,C,BR,,,,,,,,,,,,,,,,,,,,,,,,,,,,,,
9505,I,AP,,,,,,,,,,,,,,,,,,,,,,,,,,,,,,
9506,I,UE,,,,,,,,,,,,,,,,,,,,,,,,,,,,,,
9507,I,BR,,,,,,,,,,,,,,,,,,,,,,,,,,,,,,
9508,R,AS,,,,,,,,,,,,,,,,,,,,,,,,,,,,,,
9509,R,RJ,,,,,,,,,,,,,,,,,,,,,,,,,,,,,,
9510,R,GJ,,,,,,,,,,,,,,,,,,,,,,,,,,,,,,
9511,E,MH,,,,,,,,,,,,,,,,,,,,,,,,,,,,,,
9512,V,GJ,,,,,,,,,,,,,,,,,,,,,,,,,,,,,,
9513,E,KN,,,,,,,,,,,,,,,,,,,,,,,,,,,,,,
9514,E,TN,,,,,,,,,,,,,,,,,,,,,,,,,,,,,,
9515,E,AP,,,,,,,,,,,,,,,,,,,,,,,,,,,,,,
9516,E,KL,,,,,,,,,,,,,,,,,,,,,,,,,,,,,,
9517,E,PB,,,,,,,,,,,,,,,,,,,,,,,,,,,,,,
9518,E,HR,,,,,,,,,,,,,,,,,,,,,,,,,,,,,,
9519,E,UE,,,,,,,,,,,,,,,,,,,,,,,,,,,,,,
9520,E,UW,,,,,,,,,,,,,,,,,,,,,,,,,,,,,,
9521,E,RJ,,,,,,,,,,,,,,,,,,,,,,,,,,,,,,
9522,E,MP,,,,,,,,,,,,,,,,,,,,,,,,,,,,,,
9523,E,BR,,,,,,,,,,,,,,,,,,,,,,,,,,,,,,
9524,C,TN,,,,,,,,,,,,,,,,,,,,,,,,,,,,,,
9525,I,BR,,,,,,,,,,,,,,,,,,,,,,,,,,,,,,
9526,I,KL,,,,,,,,,,,,,,,,,,,,,,,,,,,,,,
9527,I,MH,,,,,,,,,,,,,,,,,,,,,,,,,,,,,,
9528,R,UW,,,,,,,,,,,,,,,,,,,,,,,,,,,,,,
9529,R,RJ,,,,,,,,,,,,,,,,,,,,,,,,,,,,,,
9530,B,**,,,,,,,,,,,,,,,,,,,,,,,,,,,,,,
9531,B,**,,,,,,,,,,,,,,,,,,,,,,,,,,,,,,
9532,B,UE,,,,,,,,,,,,,,,,,,,,,,,,,,,,,,
9533,R,AP,,,,,,,,,,,,,,,,,,,,,,,,,,,,,,
9534,V,BR,,,,,,,,,,,,,,,,,,,,,,,,,,,,,,
9535,A,KN,,,,,,,,,,,,,,,,,,,,,,,,,,,,,,
9536,V,UW,,,,,,,,,,,,,,,,,,,,,,,,,,,,,,
9537,V,GJ,,,,,,,,,,,,,,,,,,,,,,,,,,,,,,
9538,V,KN,,,,,,,,,,,,,,,,,,,,,,,,,,,,,,
9539,V,KL,,,,,,,,,,,,,,,,,,,,,,,,,,,,,,
9540,I,DL,,,,,,,,,,,,,,,,,,,,,,,,,,,,,,
9541,R,HR,,,,,,,,,,,,,,,,,,,,,,,,,,,,,,
9542,I,AP,,,,,,,,,,,,,,,,,,,,,,,,,,,,,,
9543,R,TN,,,,,,,,,,,,,,,,,,,,,,,,,,,,,,
9544,I,KL,,,,,,,,,,,,,,,,,,,,,,,,,,,,,,
9545,V,MH,,,,,,,,,,,,,,,,,,,,,,,,,,,,,,
9546,A,BR,,,,,,,,,,,,,,,,,,,,,,,,,,,,,,
9547,A,WB,,,,,,,,,,,,,,,,,,,,,,,,,,,,,,
9548,R,UW,,,,,,,,,,,,,,,,,,,,,,,,,,,,,,
9549,V,RJ,,,,,,,,,,,,,,,,,,,,,,,,,,,,,,
9550,A,AP,,,,,,,,,,,,,,,,,,,,,,,,,,,,,,
9551,C,CH,,,,,,,,,,,,,,,,,,,,,,,,,,,,,,
9552,I,MH,,,,,,,,,,,,,,,,,,,,,,,,,,,,,,
9553,I,AP,,,,,,,,,,,,,,,,,,,,,,,,,,,,,,
9554,V,UE,,,,,,,,,,,,,,,,,,,,,,,,,,,,,,
9555,R,DL,,,,,,,,,,,,,,,,,,,,,,,,,,,,,,
9556,A,OR,,,,,,,,,,,,,,,,,,,,,,,,,,,,,,
9557,A,UW,,,,,,,,,,,,,,,,,,,,,,,,,,,,,,
9558,A,GJ,,,,,,,,,,,,,,,,,,,,,,,,,,,,,,
9559,A,UE,,,,,,,,,,,,,,,,,,,,,,,,,,,,,,
9560,A,DL,,,,,,,,,,,,,,,,,,,,,,,,,,,,,,
9561,A,MH,,,,,,,,,,,,,,,,,,,,,,,,,,,,,,
9562,I,KL,,,,,,,,,,,,,,,,,,,,,,,,,,,,,,
9563,C,WB,,,,,,,,,,,,,,,,,,,,,,,,,,,,,,
9564,V,WB,,,,,,,,,,,,,,,,,,,,,,,,,,,,,,
9565,V,UE,,,,,,,,,,,,,,,,,,,,,,,,,,,,,,
9566,A,TN,,,,,,,,,,,,,,,,,,,,,,,,,,,,,,
9567,A,KL,,,,,,,,,,,,,,,,,,,,,,,,,,,,,,
9568,I,UW,,,,,,,,,,,,,,,,,,,,,,,,,,,,,,
9569,R,PB,,,,,,,,,,,,,,,,,,,,,,,,,,,,,,
9570,V,BR,,,,,,,,,,,,,,,,,,,,,,,,,,,,,,
9571,A,RJ,,,,,,,,,,,,,,,,,,,,,,,,,,,,,,
9572,A,BR,,,,,,,,,,,,,,,,,,,,,,,,,,,,,,
9573,A,AP,,,,,,,,,,,,,,,,,,,,,,,,,,,,,,
9574,I,GJ,,,,,,,,,,,,,,,,,,,,,,,,,,,,,,
9575,I,MP,,,,,,,,,,,,,,,,,,,,,,,,,,,,,,
9576,I,BR,,,,,,,,,,,,,,,,,,,,,,,,,,,,,,
9577,C,AS,,,,,,,,,,,,,,,,,,,,,,,,,,,,,,
9578,C,TN,,,,,,,,,,,,,,,,,,,,,,,,,,,,,,
9579,R,MH,,,,,,,,,,,,,,,,,,,,,,,,,,,,,,
9580,R,UE,,,,,,,,,,,,,,,,,,,,,,,,,,,,,,
9581,V,AP,,,,,,,,,,,,,,,,,,,,,,,,,,,,,,
9582,V,DL,,,,,,,,,,,,,,,,,,,,,,,,,,,,,,
9583,V,OR,,,,,,,,,,,,,,,,,,,,,,,,,,,,,,
9584,V,MP,,,,,,,,,,,,,,,,,,,,,,,,,,,,,,
9585,V,TN,,,,,,,,,,,,,,,,,,,,,,,,,,,,,,
9586,V,GJ,,,,,,,,,,,,,,,,,,,,,,,,,,,,,,
9587,V,RJ,,,,,,,,,,,,,,,,,,,,,,,,,,,,,,
9588,E,MU,,,,,,,,,,,,,,,,,,,,,,,,,,,,,,
9589,A,MP,,,,,,,,,,,,,,,,,,,,,,,,,,,,,,
9590,R,KN,,,,,,,,,,,,,,,,,,,,,,,,,,,,,,
9591,A,KN,,,,,,,,,,,,,,,,,,,,,,,,,,,,,,
9592,I,PB,,,,,,,,,,,,,,,,,,,,,,,,,,,,,,
9593,V,WB,,,,,,,,,,,,,,,,,,,,,,,,,,,,,,
9594,I,MU,,,,,,,,,,,,,,,,,,,,,,,,,,,,,,
9595,R,MH,,,,,,,,,,,,,,,,,,,,,,,,,,,,,,
9596,A,JK,,,,,,,,,,,,,,,,,,,,,,,,,,,,,,
9597,A,TN,,,,,,,,,,,,,,,,,,,,,,,,,,,,,,
9598,I,UE,,,,,,,,,,,,,,,,,,,,,,,,,,,,,,
9599,A,DL,,,,,,,,,,,,,,,,,,,,,,,,,,,,,,
9600,A,TN,,,,,,,,,,,,,,,,,,,,,,,,,,,,,,
9601,A,GJ,,,,,,,,,,,,,,,,,,,,,,,,,,,,,,
9602,A,RJ,,,,,,,,,,,,,,,,,,,,,,,,,,,,,,
9603,I,AP,,,,,,,,,,,,,,,,,,,,,,,,,,,,,,
9604,I,MH,,,,,,,,,,,,,,,,,,,,,,,,,,,,,,
9605,I,KL,,,,,,,,,,,,,,,,,,,,,,,,,,,,,,
9606,r,NE,,,,,,,,,,,,,,,,,,,,,,,,,,,,,,
9607,r,AS,,,,,,,,,,,,,,,,,,,,,,,,,,,,,,
9608,R,BR,,,,,,,,,,,,,,,,,,,,,,,,,,,,,,
9609,V,WB,,,,,,,,,,,,,,,,,,,,,,,,,,,,,,
9610,V,RJ,,,,,,,,,,,,,,,,,,,,,,,,,,,,,,
9611,A,KN,,,,,,,,,,,,,,,,,,,,,,,,,,,,,,
9612,A,NE,,,,,,,,,,,,,,,,,,,,,,,,,,,,,,
9613,C,AS,,,,,,,,,,,,,,,,,,,,,,,,,,,,,,
9614,C,WB,,,,,,,,,,,,,,,,,,,,,,,,,,,,,,
9615,C,NE,,,,,,,,,,,,,,,,,,,,,,,,,,,,,,
9616,I,UE,,,,,,,,,,,,,,,,,,,,,,,,,,,,,,
9617,I,MP,,,,,,,,,,,,,,,,,,,,,,,,,,,,,,
9618,A,AP,,,,,,,,,,,,,,,,,,,,,,,,,,,,,,
9619,V,MU,,,,,,,,,,,,,,,,,,,,,,,,,,,,,,
9620,V,KN,,,,,,,,,,,,,,,,,,,,,,,,,,,,,,
9621,A,UE,,,,,,,,,,,,,,,,,,,,,,,,,,,,,,
9622,A,JK,,,,,,,,,,,,,,,,,,,,,,,,,,,,,,
9623,I,MH,,,,,,,,,,,,,,,,,,,,,,,,,,,,,,
9624,I,GJ,,,,,,,,,,,,,,,,,,,,,,,,,,,,,,
9625,R,HP,,,,,,,,,,,,,,,,,,,,,,,,,,,,,,
9626,V,TN,,,,,,,,,,,,,,,,,,,,,,,,,,,,,,
9627,V,UW,,,,,,,,,,,,,,,,,,,,,,,,,,,,,,
9628,V,UE,,,,,,,,,,,,,,,,,,,,,,,,,,,,,,
9629,A,TN,,,,,,,,,,,,,,,,,,,,,,,,,,,,,,
9630,A,MP,,,,,,,,,,,,,,,,,,,,,,,,,,,,,,
9631,A,BR,,,,,,,,,,,,,,,,,,,,,,,,,,,,,,
9632,A,KN,,,,,,,,,,,,,,,,,,,,,,,,,,,,,,
9633,A,KL,,,,,,,,,,,,,,,,,,,,,,,,,,,,,,
9634,A,UW,,,,,,,,,,,,,,,,,,,,,,,,,,,,,,
9635,A,WB,,,,,,,,,,,,,,,,,,,,,,,,,,,,,,
9636,A,RJ,,,,,,,,,,,,,,,,,,,,,,,,,,,,,,
9637,V,MH,,,,,,,,,,,,,,,,,,,,,,,,,,,,,,
9638,V,GJ,,,,,,,,,,,,,,,,,,,,,,,,,,,,,,
9639,I,UW,,,,,,,,,,,,,,,,,,,,,,,,,,,,,,
9640,I,AP,,,,,,,,,,,,,,,,,,,,,,,,,,,,,,
9641,R,WB,,,,,,,,,,,,,,,,,,,,,,,,,,,,,,
9642,V,AP,,,,,,,,,,,,,,,,,,,,,,,,,,,,,,
9643,V,DL,,,,,,,,,,,,,,,,,,,,,,,,,,,,,,
9644,I,MP,,,,,,,,,,,,,,,,,,,,,,,,,,,,,,
9645,V,KL,,,,,,,,,,,,,,,,,,,,,,,,,,,,,,
9646,V,PB,,,,,,,,,,,,,,,,,,,,,,,,,,,,,,
9647,V,WB,,,,,,,,,,,,,,,,,,,,,,,,,,,,,,
9648,V,UE,,,,,,,,,,,,,,,,,,,,,,,,,,,,,,
9649,V,RJ,,,,,,,,,,,,,,,,,,,,,,,,,,,,,,
9650,A,DL,,,,,,,,,,,,,,,,,,,,,,,,,,,,,,
9651,A,UE,,,,,,,,,,,,,,,,,,,,,,,,,,,,,,
9652,A,AP,,,,,,,,,,,,,,,,,,,,,,,,,,,,,,
9653,D,PB,,,,,,,,,,,,,,,,,,,,,,,,,,,,,,
9654,V,DL,,,,,,,,,,,,,,,,,,,,,,,,,,,,,,
9655,V,TN,,,,,,,,,,,,,,,,,,,,,,,,,,,,,,
9656,I,KL,,,,,,,,,,,,,,,,,,,,,,,,,,,,,,
9657,I,MH,,,,,,,,,,,,,,,,,,,,,,,,,,,,,,
9658,C,OR,,,,,,,,,,,,,,,,,,,,,,,,,,,,,,
9659,C,TN,,,,,,,,,,,,,,,,,,,,,,,,,,,,,,
9660,A,RJ,,,,,,,,,,,,,,,,,,,,,,,,,,,,,,
9661,A,BR,,,,,,,,,,,,,,,,,,,,,,,,,,,,,,
9662,A,GJ,,,,,,,,,,,,,,,,,,,,,,,,,,,,,,
9663,A,KN,,,,,,,,,,,,,,,,,,,,,,,,,,,,,,
9664,L,MU,,,,,,,,,,,,,,,,,,,,,,,,,,,,,,
9665,A,MH,,,,,,,,,,,,,,,,,,,,,,,,,,,,,,
9666,I,AP,,,,,,,,,,,,,,,,,,,,,,,,,,,,,,
9667,y,RJ,,,,,,,,,,,,,,,,,,,,,,,,,,,,,,
9668,A,OR,,,,,,,,,,,,,,,,,,,,,,,,,,,,,,
9669,I,MP,,,,,,,,,,,,,,,,,,,,,,,,,,,,,,
9670,V,UE,,,,,,,,,,,,,,,,,,,,,,,,,,,,,,
9671,V,HR,,,,,,,,,,,,,,,,,,,,,,,,,,,,,,
9672,V,RJ,,,,,,,,,,,,,,,,,,,,,,,,,,,,,,
9673,V,MH,,,,,,,,,,,,,,,,,,,,,,,,,,,,,,
9674,V,KO,,,,,,,,,,,,,,,,,,,,,,,,,,,,,,
9675,V,UW,,,,,,,,,,,,,,,,,,,,,,,,,,,,,,
9676,A,AP,,,,,,,,,,,,,,,,,,,,,,,,,,,,,,
9677,A,TN,,,,,,,,,,,,,,,,,,,,,,,,,,,,,,
9678,A,AS,,,,,,,,,,,,,,,,,,,,,,,,,,,,,,
9679,A,WB,,,,,,,,,,,,,,,,,,,,,,,,,,,,,,
9680,A,RJ,,,,,,,,,,,,,,,,,,,,,,,,,,,,,,
9681,R,KO,,,,,,,,,,,,,,,,,,,,,,,,,,,,,,
9682,b,UW,,,,,,,,,,,,,,,,,,,,,,,,,,,,,,
9683,b,HR,,,,,,,,,,,,,,,,,,,,,,,,,,,,,,
9684,b,MH,,,,,,,,,,,,,,,,,,,,,,,,,,,,,,
9685,A,MP,,,,,,,,,,,,,,,,,,,,,,,,,,,,,,
9686,A,KN,,,,,,,,,,,,,,,,,,,,,,,,,,,,,,
9687,V,GJ,,,,,,,,,,,,,,,,,,,,,,,,,,,,,,
9688,C,TN,,,,,,,,,,,,,,,,,,,,,,,,,,,,,,
9689,I,MH,,,,,,,,,,,,,,,,,,,,,,,,,,,,,,
9690,I,UW,,,,,,,,,,,,,,,,,,,,,,,,,,,,,,
9691,R,MP,,,,,,,,,,,,,,,,,,,,,,,,,,,,,,
9692,R,OR,,,,,,,,,,,,,,,,,,,,,,,,,,,,,,
9693,R,BR,,,,,,,,,,,,,,,,,,,,,,,,,,,,,,
9694,I,RJ,,,,,,,,,,,,,,,,,,,,,,,,,,,,,,
9695,A,UE,,,,,,,,,,,,,,,,,,,,,,,,,,,,,,
9696,R,UE,,,,,,,,,,,,,,,,,,,,,,,,,,,,,,
9697,C,JK,,,,,,,,,,,,,,,,,,,,,,,,,,,,,,
9698,C,TN,,,,,,,,,,,,,,,,,,,,,,,,,,,,,,
9699,R,MU,,,,,,,,,,,,,,,,,,,,,,,,,,,,,,
9700,C,AP,,,,,,,,,,,,,,,,,,,,,,,,,,,,,,
9701,A,AP,,,,,,,,,,,,,,,,,,,,,,,,,,,,,,
9702,I,MU,,,,,,,,,,,,,,,,,,,,,,,,,,,,,,
9703,V,AP,,,,,,,,,,,,,,,,,,,,,,,,,,,,,,
9704,A,AP,,,,,,,,,,,,,,,,,,,,,,,,,,,,,,
9705,I,AP,,,,,,,,,,,,,,,,,,,,,,,,,,,,,,
9706,V,AS,,,,,,,,,,,,,,,,,,,,,,,,,,,,,,
9707,R,AS,,,,,,,,,,,,,,,,,,,,,,,,,,,,,,
9708,I,BR,,,,,,,,,,,,,,,,,,,,,,,,,,,,,,
9709,V,BR,,,,,,,,,,,,,,,,,,,,,,,,,,,,,,
9710,C,CH,,,,,,,,,,,,,,,,,,,,,,,,,,,,,,
9711,V,DL,,,,,,,,,,,,,,,,,,,,,,,,,,,,,,
9712,V,GJ,,,,,,,,,,,,,,,,,,,,,,,,,,,,,,
9713,V,MP,,,,,,,,,,,,,,,,,,,,,,,,,,,,,,
9714,I,GJ,,,,,,,,,,,,,,,,,,,,,,,,,,,,,,
9715,C,TN,,,,,,,,,,,,,,,,,,,,,,,,,,,,,,
9716,C,DL,,,,,,,,,,,,,,,,,,,,,,,,,,,,,,
9717,A,DL,,,,,,,,,,,,,,,,,,,,,,,,,,,,,,
9718,I,DL,,,,,,,,,,,,,,,,,,,,,,,,,,,,,,
9719,V,UW,,,,,,,,,,,,,,,,,,,,,,,,,,,,,,
9720,V,UW,,,,,,,,,,,,,,,,,,,,,,,,,,,,,,
9721,V,UE,,,,,,,,,,,,,,,,,,,,,,,,,,,,,,
9722,C,GJ,,,,,,,,,,,,,,,,,,,,,,,,,,,,,,
9723,I,GJ,,,,,,,,,,,,,,,,,,,,,,,,,,,,,,
9724,A,GJ,,,,,,,,,,,,,,,,,,,,,,,,,,,,,,
9725,A,GJ,,,,,,,,,,,,,,,,,,,,,,,,,,,,,,
9726,V,GJ,,,,,,,,,,,,,,,,,,,,,,,,,,,,,,
9727,V,GJ,,,,,,,,,,,,,,,,,,,,,,,,,,,,,,
9728,I,HR,,,,,,,,,,,,,,,,,,,,,,,,,,,,,,
9729,A,HR,,,,,,,,,,,,,,,,,,,,,,,,,,,,,,
9730,A,MH,,,,,,,,,,,,,,,,,,,,,,,,,,,,,,
9731,A,KN,,,,,,,,,,,,,,,,,,,,,,,,,,,,,,
9732,V,WB,,,,,,,,,,,,,,,,,,,,,,,,,,,,,,
9733,V,WB,,,,,,,,,,,,,,,,,,,,,,,,,,,,,,
9734,V,WB,,,,,,,,,,,,,,,,,,,,,,,,,,,,,,
9735,V,WB,,,,,,,,,,,,,,,,,,,,,,,,,,,,,,
9736,V,HP,,,,,,,,,,,,,,,,,,,,,,,,,,,,,,
9737,I,GJ,,,,,,,,,,,,,,,,,,,,,,,,,,,,,,
9738,C,KN,,,,,,,,,,,,,,,,,,,,,,,,,,,,,,
9739,V,KN,,,,,,,,,,,,,,,,,,,,,,,,,,,,,,
9740,A,KN,,,,,,,,,,,,,,,,,,,,,,,,,,,,,,
9741,A,KN,,,,,,,,,,,,,,,,,,,,,,,,,,,,,,
9742,V,KN,,,,,,,,,,,,,,,,,,,,,,,,,,,,,,
9743,I,KN,,,,,,,,,,,,,,,,,,,,,,,,,,,,,,
9744,I,KL,,,,,,,,,,,,,,,,,,,,,,,,,,,,,,
9745,V,KL,,,,,,,,,,,,,,,,,,,,,,,,,,,,,,
9746,A,KL,,,,,,,,,,,,,,,,,,,,,,,,,,,,,,
9747,I,KL,,,,,,,,,,,,,,,,,,,,,,,,,,,,,,
9748,A,KO,,,,,,,,,,,,,,,,,,,,,,,,,,,,,,
9749,R,WB,,,,,,,,,,,,,,,,,,,,,,,,,,,,,,
9750,C,TN,,,,,,,,,,,,,,,,,,,,,,,,,,,,,,
9751,V,TN,,,,,,,,,,,,,,,,,,,,,,,,,,,,,,
9752,A,MP,,,,,,,,,,,,,,,,,,,,,,,,,,,,,,
9753,I,MP,,,,,,,,,,,,,,,,,,,,,,,,,,,,,,
9754,I,MP,,,,,,,,,,,,,,,,,,,,,,,,,,,,,,
9755,A,MP,,,,,,,,,,,,,,,,,,,,,,,,,,,,,,
9756,I,UW,,,,,,,,,,,,,,,,,,,,,,,,,,,,,,
9757,M,MU,,,,,,,,,,,,,,,,,,,,,,,,,,,,,,
9758,V,UW,,,,,,,,,,,,,,,,,,,,,,,,,,,,,,
9759,V,UW,,,,,,,,,,,,,,,,,,,,,,,,,,,,,,
9760,A,UW,,,,,,,,,,,,,,,,,,,,,,,,,,,,,,
9761,V,UW,,,,,,,,,,,,,,,,,,,,,,,,,,,,,,
9762,C,MH,,,,,,,,,,,,,,,,,,,,,,,,,,,,,,
9763,I,MH,,,,,,,,,,,,,,,,,,,,,,,,,,,,,,
9764,V,MH,,,,,,,,,,,,,,,,,,,,,,,,,,,,,,
9765,V,MH,,,,,,,,,,,,,,,,,,,,,,,,,,,,,,
9766,A,MH,,,,,,,,,,,,,,,,,,,,,,,,,,,,,,
9767,I,MH,,,,,,,,,,,,,,,,,,,,,,,,,,,,,,
9768,C,MU,,,,,,,,,,,,,,,,,,,,,,,,,,,,,,
9769,V,MU,,,,,,,,,,,,,,,,,,,,,,,,,,,,,,
9770,R,MP,,,,,,,,,,,,,,,,,,,,,,,,,,,,,,
9771,A,BR,,,,,,,,,,,,,,,,,,,,,,,,,,,,,,
9772,V,RJ,,,,,,,,,,,,,,,,,,,,,,,,,,,,,,
9773,L,MU,,,,,,,,,,,,,,,,,,,,,,,,,,,,,,
9774,V,NE,,,,,,,,,,,,,,,,,,,,,,,,,,,,,,
9775,V,WB,,,,,,,,,,,,,,,,,,,,,,,,,,,,,,
9776,V,OR,,,,,,,,,,,,,,,,,,,,,,,,,,,,,,
9777,A,OR,,,,,,,,,,,,,,,,,,,,,,,,,,,,,,
9778,R,OR,,,,,,,,,,,,,,,,,,,,,,,,,,,,,,
9779,A,PB,,,,,,,,,,,,,,,,,,,,,,,,,,,,,,
9780,V,PB,,,,,,,,,,,,,,,,,,,,,,,,,,,,,,
9781,I,PB,,,,,,,,,,,,,,,,,,,,,,,,,,,,,,
9782,C,RJ,,,,,,,,,,,,,,,,,,,,,,,,,,,,,,
9783,V,RJ,,,,,,,,,,,,,,,,,,,,,,,,,,,,,,
9784,A,RJ,,,,,,,,,,,,,,,,,,,,,,,,,,,,,,
9785,I,RJ,,,,,,,,,,,,,,,,,,,,,,,,,,,,,,
9786,V,TN,,,,,,,,,,,,,,,,,,,,,,,,,,,,,,
9787,V,TN,,,,,,,,,,,,,,,,,,,,,,,,,,,,,,
9788,C,TN,,,,,,,,,,,,,,,,,,,,,,,,,,,,,,
9789,A,TN,,,,,,,,,,,,,,,,,,,,,,,,,,,,,,
9790,A,TN,,,,,,,,,,,,,,,,,,,,,,,,,,,,,,
9791,A,TN,,,,,,,,,,,,,,,,,,,,,,,,,,,,,,
9792,V,UE,,,,,,,,,,,,,,,,,,,,,,,,,,,,,,
9793,A,UE,,,,,,,,,,,,,,,,,,,,,,,,,,,,,,
9794,A,UE,,,,,,,,,,,,,,,,,,,,,,,,,,,,,,
9795,I,UE,,,,,,,,,,,,,,,,,,,,,,,,,,,,,,
9796,V,JK,,,,,,,,,,,,,,,,,,,,,,,,,,,,,,
9797,A,JK,,,,,,,,,,,,,,,,,,,,,,,,,,,,,,
9798,R,BR,,,,,,,,,,,,,,,,,,,,,,,,,,,,,,
9799,A,RJ,,,,,,,,,,,,,,,,,,,,,,,,,,,,,,
9800,A,WB,,,,,,,,,,,,,,,,,,,,,,,,,,,,,,
9801,A,BR,,,,,,,,,,,,,,,,,,,,,,,,,,,,,,
9802,C,HR,,,,,,,,,,,,,,,,,,,,,,,,,,,,,,
9803,C,PB,,,,,,,,,,,,,,,,,,,,,,,,,,,,,,
9804,C,KO,,,,,,,,,,,,,,,,,,,,,,,,,,,,,,
9805,A,HP,,,,,,,,,,,,,,,,,,,,,,,,,,,,,,
9806,C,MP,,,,,,,,,,,,,,,,,,,,,,,,,,,,,,
9807,C,UE,,,,,,,,,,,,,,,,,,,,,,,,,,,,,,
9808,C,UW,,,,,,,,,,,,,,,,,,,,,,,,,,,,,,
9809,C,KL,,,,,,,,,,,,,,,,,,,,,,,,,,,,,,
9810,A,DL,,,,,,,,,,,,,,,,,,,,,,,,,,,,,,
9811,V,DL,,,,,,,,,,,,,,,,,,,,,,,,,,,,,,
9812,I,HR,,,,,,,,,,,,,,,,,,,,,,,,,,,,,,
9813,V,HR,,,,,,,,,,,,,,,,,,,,,,,,,,,,,,
9814,I,PB,,,,,,,,,,,,,,,,,,,,,,,,,,,,,,
9815,A,PB,,,,,,,,,,,,,,,,,,,,,,,,,,,,,,
9816,A,HP,,,,,,,,,,,,,,,,,,,,,,,,,,,,,,
9817,R,HP,,,,,,,,,,,,,,,,,,,,,,,,,,,,,,
9818,A,DL,,,,,,,,,,,,,,,,,,,,,,,,,,,,,,
9819,V,MU,,,,,,,,,,,,,,,,,,,,,,,,,,,,,,
9820,V,MU,,,,,,,,,,,,,,,,,,,,,,,,,,,,,,
9821,L,MU,,,,,,,,,,,,,,,,,,,,,,,,,,,,,,
9822,I,MH,,,,,,,,,,,,,,,,,,,,,,,,,,,,,,
9823,V,MH,,,,,,,,,,,,,,,,,,,,,,,,,,,,,,
9824,I,GJ,,,,,,,,,,,,,,,,,,,,,,,,,,,,,,
9825,V,GJ,,,,,,,,,,,,,,,,,,,,,,,,,,,,,,
9826,I,MP,,,,,,,,,,,,,,,,,,,,,,,,,,,,,,
9827,R,MP,,,,,,,,,,,,,,,,,,,,,,,,,,,,,,
9828,V,RJ,,,,,,,,,,,,,,,,,,,,,,,,,,,,,,
9829,A,RJ,,,,,,,,,,,,,,,,,,,,,,,,,,,,,,
9830,V,KO,,,,,,,,,,,,,,,,,,,,,,,,,,,,,,
9831,A,KO,,,,,,,,,,,,,,,,,,,,,,,,,,,,,,
9832,R,WB,,,,,,,,,,,,,,,,,,,,,,,,,,,,,,
9833,V,MU,,,,,,,,,,,,,,,,,,,,,,,,,,,,,,
9834,-,--,,,,,,,,,,,,,,,,,,,,,,,,,,,,,,
9835,R,BR,,,,,,,,,,,,,,,,,,,,,,,,,,,,,,
9836,V,KO,,,,,,,,,,,,,,,,,,,,,,,,,,,,,,
9837,I,UW,,,,,,,,,,,,,,,,,,,,,,,,,,,,,,
9838,V,UE,,,,,,,,,,,,,,,,,,,,,,,,,,,,,,
9839,V,UE,,,,,,,,,,,,,,,,,,,,,,,,,,,,,,
9840,A,CH,,,,,,,,,,,,,,,,,,,,,,,,,,,,,,
9841,C,CH,,,,,,,,,,,,,,,,,,,,,,,,,,,,,,
9842,C,TN,,,,,,,,,,,,,,,,,,,,,,,,,,,,,,
9843,V,TN,,,,,,,,,,,,,,,,,,,,,,,,,,,,,,
9844,I,KN,,,,,,,,,,,,,,,,,,,,,,,,,,,,,,
9845,A,KN,,,,,,,,,,,,,,,,,,,,,,,,,,,,,,
9846,V,KL,,,,,,,,,,,,,,,,,,,,,,,,,,,,,,
9847,I,KL,,,,,,,,,,,,,,,,,,,,,,,,,,,,,,
9848,I,AP,,,,,,,,,,,,,,,,,,,,,,,,,,,,,,
9849,A,AP,,,,,,,,,,,,,,,,,,,,,,,,,,,,,,
9850,I,MH,,,,,,,,,,,,,,,,,,,,,,,,,,,,,,
9851,C,WB,,,,,,,,,,,,,,,,,,,,,,,,,,,,,,
9852,C,BR,,,,,,,,,,,,,,,,,,,,,,,,,,,,,,
9853,C,OR,,,,,,,,,,,,,,,,,,,,,,,,,,,,,,
9854,C,AS,,,,,,,,,,,,,,,,,,,,,,,,,,,,,,
9855,I,PB,,,,,,,,,,,,,,,,,,,,,,,,,,,,,,
9856,C,NE,,,,,,,,,,,,,,,,,,,,,,,,,,,,,,
9857,C,HP,,,,,,,,,,,,,,,,,,,,,,,,,,,,,,
9858,C,JK,,,,,,,,,,,,,,,,,,,,,,,,,,,,,,
9859,C,AS,,,,,,,,,,,,,,,,,,,,,,,,,,,,,,
9860,A,MH,,,,,,,,,,,,,,,,,,,,,,,,,,,,,,
9861,R,OR,,,,,,,,,,,,,,,,,,,,,,,,,,,,,,
9862,A,NE,,,,,,,,,,,,,,,,,,,,,,,,,,,,,,
9863,R,NE,,,,,,,,,,,,,,,,,,,,,,,,,,,,,,
9864,R,AS,,,,,,,,,,,,,,,,,,,,,,,,,,,,,,
9865,C,TN,,,,,,,,,,,,,,,,,,,,,,,,,,,,,,
9866,A,AP,,,,,,,,,,,,,,,,,,,,,,,,,,,,,,
9867,A,MU,,,,,,,,,,,,,,,,,,,,,,,,,,,,,,
9868,M,DL,,,,,,,,,,,,,,,,,,,,,,,,,,,,,,
9869,M,MU,,,,,,,,,,,,,,,,,,,,,,,,,,,,,,
9870,L,MU,,,,,,,,,,,,,,,,,,,,,,,,,,,,,,
9871,A,DL,,,,,,,,,,,,,,,,,,,,,,,,,,,,,,
9872,A,PB,,,,,,,,,,,,,,,,,,,,,,,,,,,,,,
9873,V,DL,,,,,,,,,,,,,,,,,,,,,,,,,,,,,,
9874,V,KO,,,,,,,,,,,,,,,,,,,,,,,,,,,,,,
9875,y,RJ,,,,,,,,,,,,,,,,,,,,,,,,,,,,,,
9876,A,PB,,,,,,,,,,,,,,,,,,,,,,,,,,,,,,
9877,d,PB,,,,,,,,,,,,,,,,,,,,,,,,,,,,,,
9878,A,PB,,,,,,,,,,,,,,,,,,,,,,,,,,,,,,
9879,V,GJ,,,,,,,,,,,,,,,,,,,,,,,,,,,,,,
9880,A,KN,,,,,,,,,,,,,,,,,,,,,,,,,,,,,,
9881,I,MH,,,,,,,,,,,,,,,,,,,,,,,,,,,,,,
9882,I,HP,,,,,,,,,,,,,,,,,,,,,,,,,,,,,,
9883,R,KO,,,,,,,,,,,,,,,,,,,,,,,,,,,,,,
9884,V,CH,,,,,,,,,,,,,,,,,,,,,,,,,,,,,,
9885,V,AP,,,,,,,,,,,,,,,,,,,,,,,,,,,,,,
9886,V,KN,,,,,,,,,,,,,,,,,,,,,,,,,,,,,,
9887,I,RJ,,,,,,,,,,,,,,,,,,,,,,,,,,,,,,
9888,V,PB,,,,,,,,,,,,,,,,,,,,,,,,,,,,,,
9889,I,UE,,,,,,,,,,,,,,,,,,,,,,,,,,,,,,
9890,A,MH,,,,,,,,,,,,,,,,,,,,,,,,,,,,,,
9891,I,DL,,,,,,,,,,,,,,,,,,,,,,,,,,,,,,
9892,A,MU,,,,,,,,,,,,,,,,,,,,,,,,,,,,,,
9893,A,MP,,,,,,,,,,,,,,,,,,,,,,,,,,,,,,
9894,A,TN,,,,,,,,,,,,,,,,,,,,,,,,,,,,,,
9895,A,KL,,,,,,,,,,,,,,,,,,,,,,,,,,,,,,
9896,A,HR,,,,,,,,,,,,,,,,,,,,,,,,,,,,,,
9897,A,UW,,,,,,,,,,,,,,,,,,,,,,,,,,,,,,
9898,A,GJ,,,,,,,,,,,,,,,,,,,,,,,,,,,,,,
9899,V,DL,,,,,,,,,,,,,,,,,,,,,,,,,,,,,,
9900,A,KN,,,,,,,,,,,,,,,,,,,,,,,,,,,,,,
9901,A,KN,,,,,,,,,,,,,,,,,,,,,,,,,,,,,,
9902,A,KN,,,,,,,,,,,,,,,,,,,,,,,,,,,,,,
9903,A,KO,,,,,,,,,,,,,,,,,,,,,,,,,,,,,,
9904,I,GJ,,,,,,,,,,,,,,,,,,,,,,,,,,,,,,
9905,R,BR,,,,,,,,,,,,,,,,,,,,,,,,,,,,,,
9906,A,JK,,,,,,,,,,,,,,,,,,,,,,,,,,,,,,
9907,R,MP,,,,,,,,,,,,,,,,,,,,,,,,,,,,,,
9908,A,AP,,,,,,,,,,,,,,,,,,,,,,,,,,,,,,
9909,V,GJ,,,,,,,,,,,,,,,,,,,,,,,,,,,,,,
9910,A,DL,,,,,,,,,,,,,,,,,,,,,,,,,,,,,,
9911,I,DL,,,,,,,,,,,,,,,,,,,,,,,,,,,,,,
9912,I,AP,,,,,,,,,,,,,,,,,,,,,,,,,,,,,,
9913,V,GJ,,,,,,,,,,,,,,,,,,,,,,,,,,,,,,
9914,I,PB,,,,,,,,,,,,,,,,,,,,,,,,,,,,,,
9915,A,PB,,,,,,,,,,,,,,,,,,,,,,,,,,,,,,
9916,V,KN,,,,,,,,,,,,,,,,,,,,,,,,,,,,,,
9917,I,UW,,,,,,,,,,,,,,,,,,,,,,,,,,,,,,
9918,V,UE,,,,,,,,,,,,,,,,,,,,,,,,,,,,,,
9919,V,UE,,,,,,,,,,,,,,,,,,,,,,,,,,,,,,
9920,V,MU,,,,,,,,,,,,,,,,,,,,,,,,,,,,,,
9921,I,MH,,,,,,,,,,,,,,,,,,,,,,,,,,,,,,
9922,I,MH,,,,,,,,,,,,,,,,,,,,,,,,,,,,,,
9923,V,MH,,,,,,,,,,,,,,,,,,,,,,,,,,,,,,
9924,I,GJ,,,,,,,,,,,,,,,,,,,,,,,,,,,,,,
9925,V,GJ,,,,,,,,,,,,,,,,,,,,,,,,,,,,,,
9926,I,MP,,,,,,,,,,,,,,,,,,,,,,,,,,,,,,
9927,I,UW,,,,,,,,,,,,,,,,,,,,,,,,,,,,,,
9928,A,RJ,,,,,,,,,,,,,,,,,,,,,,,,,,,,,,
9929,A,RJ,,,,,,,,,,,,,,,,,,,,,,,,,,,,,,
9930,V,MU,,,,,,,,,,,,,,,,,,,,,,,,,,,,,,
9931,A,BR,,,,,,,,,,,,,,,,,,,,,,,,,,,,,,
9932,A,WB,,,,,,,,,,,,,,,,,,,,,,,,,,,,,,
9933,A,WB,,,,,,,,,,,,,,,,,,,,,,,,,,,,,,
9934,A,BR,,,,,,,,,,,,,,,,,,,,,,,,,,,,,,
9935,A,UE,,,,,,,,,,,,,,,,,,,,,,,,,,,,,,
9936,A,UE,,,,,,,,,,,,,,,,,,,,,,,,,,,,,,
9937,A,OR,,,,,,,,,,,,,,,,,,,,,,,,,,,,,,
9938,A,OR,,,,,,,,,,,,,,,,,,,,,,,,,,,,,,
9939,A,BR,,,,,,,,,,,,,,,,,,,,,,,,,,,,,,
9940,A,CH,,,,,,,,,,,,,,,,,,,,,,,,,,,,,,
9941,C,CH,,,,,,,,,,,,,,,,,,,,,,,,,,,,,,
9942,C,TN,,,,,,,,,,,,,,,,,,,,,,,,,,,,,,
9943,V,TN,,,,,,,,,,,,,,,,,,,,,,,,,,,,,,
9944,A,TN,,,,,,,,,,,,,,,,,,,,,,,,,,,,,,
9945,A,KN,,,,,,,,,,,,,,,,,,,,,,,,,,,,,,
9946,V,KL,,,,,,,,,,,,,,,,,,,,,,,,,,,,,,
9947,I,KL,,,,,,,,,,,,,,,,,,,,,,,,,,,,,,
9948,I,AP,,,,,,,,,,,,,,,,,,,,,,,,,,,,,,
9949,A,AP,,,,,,,,,,,,,,,,,,,,,,,,,,,,,,
9950,A,RJ,,,,,,,,,,,,,,,,,,,,,,,,,,,,,,
9951,I,AP,,,,,,,,,,,,,,,,,,,,,,,,,,,,,,
9952,A,TN,,,,,,,,,,,,,,,,,,,,,,,,,,,,,,
9953,V,DL,,,,,,,,,,,,,,,,,,,,,,,,,,,,,,
9954,A,AS,,,,,,,,,,,,,,,,,,,,,,,,,,,,,,
9955,A,BR,,,,,,,,,,,,,,,,,,,,,,,,,,,,,,
9956,A,UE,,,,,,,,,,,,,,,,,,,,,,,,,,,,,,
9957,A,AS,,,,,,,,,,,,,,,,,,,,,,,,,,,,,,
9958,A,DL,,,,,,,,,,,,,,,,,,,,,,,,,,,,,,
9959,A,AP,,,,,,,,,,,,,,,,,,,,,,,,,,,,,,
9960,A,MH,,,,,,,,,,,,,,,,,,,,,,,,,,,,,,
9961,I,KL,,,,,,,,,,,,,,,,,,,,,,,,,,,,,,
9962,V,CH,,,,,,,,,,,,,,,,,,,,,,,,,,,,,,
9963,A,AP,,,,,,,,,,,,,,,,,,,,,,,,,,,,,,
9964,I,KN,,,,,,,,,,,,,,,,,,,,,,,,,,,,,,
9965,C,TN,,,,,,,,,,,,,,,,,,,,,,,,,,,,,,
9966,V,AP,,,,,,,,,,,,,,,,,,,,,,,,,,,,,,
9967,A,MU,,,,,,,,,,,,,,,,,,,,,,,,,,,,,,
9968,M,DL,,,,,,,,,,,,,,,,,,,,,,,,,,,,,,
9969,M,MU,,,,,,,,,,,,,,,,,,,,,,,,,,,,,,
9970,A,MH,,,,,,,,,,,,,,,,,,,,,,,,,,,,,,
9971,A,DL,,,,,,,,,,,,,,,,,,,,,,,,,,,,,,
9972,A,KN,,,,,,,,,,,,,,,,,,,,,,,,,,,,,,
9973,A,BR,,,,,,,,,,,,,,,,,,,,,,,,,,,,,,
9974,A,GJ,,,,,,,,,,,,,,,,,,,,,,,,,,,,,,
9975,A,MH,,,,,,,,,,,,,,,,,,,,,,,,,,,,,,
9976,C,TN,,,,,,,,,,,,,,,,,,,,,,,,,,,,,,
9977,I,MP,,,,,,,,,,,,,,,,,,,,,,,,,,,,,,
9978,V,GJ,,,,,,,,,,,,,,,,,,,,,,,,,,,,,,
9979,V,GJ,,,,,,,,,,,,,,,,,,,,,,,,,,,,,,
9980,A,KN,,,,,,,,,,,,,,,,,,,,,,,,,,,,,,
9981,A,MP,,,,,,,,,,,,,,,,,,,,,,,,,,,,,,
9982,V,RJ,,,,,,,,,,,,,,,,,,,,,,,,,,,,,,
9983,V,RJ,,,,,,,,,,,,,,,,,,,,,,,,,,,,,,
9984,V,UE,,,,,,,,,,,,,,,,,,,,,,,,,,,,,,
9985,V,AP,,,,,,,,,,,,,,,,,,,,,,,,,,,,,,
9986,V,KN,,,,,,,,,,,,,,,,,,,,,,,,,,,,,,
9987,A,MU,,,,,,,,,,,,,,,,,,,,,,,,,,,,,,
9988,V,PB,,,,,,,,,,,,,,,,,,,,,,,,,,,,,,
9989,A,AP,,,,,,,,,,,,,,,,,,,,,,,,,,,,,,
9990,I,DL,,,,,,,,,,,,,,,,,,,,,,,,,,,,,,
9991,V,HR,,,,,,,,,,,,,,,,,,,,,,,,,,,,,,
9992,I,HR,,,,,,,,,,,,,,,,,,,,,,,,,,,,,,
9993,A,MP,,,,,,,,,,,,,,,,,,,,,,,,,,,,,,
9994,A,TN,,,,,,,,,,,,,,,,,,,,,,,,,,,,,,
9995,A,KL,,,,,,,,,,,,,,,,,,,,,,,,,,,,,,
9996,A,HR,,,,,,,,,,,,,,,,,,,,,,,,,,,,,,
9997,A,UW,,,,,,,,,,,,,,,,,,,,,,,,,,,,,,
9998,A,GJ,,,,,,,,,,,,,,,,,,,,,,,,,,,,,,
9999,V,DL,,,,,,,,,,,,,,,,,,,,,,,,,,,,,,
,,,,,,,,,,,,,,,,,,,,,,,,,,,,,,,,
,,,,,,,,,,,,,,,,,,,,,,,,,,,,,,,,
,,,,,,,,,,,,,,,,,,,,,,,,,,,,,,,,
,,,,,,,,,,,,,,,,,,,,,,,,,,,,,,,,
,,,,,,,,,,,,,,,,,,,,,,,,,,,,,,,,
,,,,,,,,,,,,,,,,,,,,,,,,,,,,,,,,
,,,,,,,,,,,,,,,,,,,,,,,,,,,,,,,,
,,,,,,,,,,,,,,,,,,,,,,,,,,,,,,,,
,,,,,,,,,,,,,,,,,,,,,,,,,,,,,,,,
,,,,,,,,,,,,,,,,,,,,,,,,,,,,,,,,
,,,,,,,,,,,,,,,,,,,,,,,,,,,,,,,,
,,,,,,,,,,,,,,,,,,,,,,,,,,,,,,,,
